"Title","Media URL","Pinterest board","Thumbnail","Description","Link","Publish date","Keywords"
"Свой конструктор ботов и автоворонок под брендом: white-label на Typebot / Botpress","https://chimitdorzhi.tech/blog/white-label-konstruktor-botov-2026/pin.png","CHIMITDORZHI STUDIO","","Свой конструктор ботов и автоворонок под вашим брендом на базе Typebot или Botpress — давать маркетологам и агентствам визуальный конструктор как свой SaaS. Разбираю модель, лицензии и как на этом зарабатывать.","https://chimitdorzhi.tech/blog/white-label-konstruktor-botov-2026/","","white-label, чат-боты, Typebot, open-source"
"Свой корпоративный мессенджер под брендом: white-label на Mattermost / Rocket.Chat","https://chimitdorzhi.tech/blog/white-label-korporativnyy-messendzher-2026/pin.png","CHIMITDORZHI STUDIO","","Свой корпоративный мессенджер под вашим брендом на базе Mattermost или Rocket.Chat — поставлять отраслям и госсектору как защищённое импортозамещающее решение. Разбираю модель, лицензии и как на этом зарабатывать.","https://chimitdorzhi.tech/blog/white-label-korporativnyy-messendzher-2026/","","white-label, мессенджер, импортозамещение, open-source"
"Своя LMS-платформа под брендом: white-label на базе Moodle / Open edX","https://chimitdorzhi.tech/blog/white-label-lms-platforma-2026/pin.png","CHIMITDORZHI STUDIO","","Своя LMS-платформа под вашим брендом на базе Moodle или Open edX — продавать онлайн-школам и учебным центрам как собственный продукт. Классика white-label. Разбираю модель, лицензии и как на этом зарабатывать.","https://chimitdorzhi.tech/blog/white-label-lms-platforma-2026/","","white-label, LMS, Moodle, open-source"
"Свой конструктор магазинов для ниши под брендом: white-label на Medusa / Vendure","https://chimitdorzhi.tech/blog/white-label-magazin-dlya-nishi-2026/pin.png","CHIMITDORZHI STUDIO","","Свой конструктор магазинов под конкретную нишу на базе Medusa или Vendure — делать клиентам однотипные магазины из единого ядра и перепродавать под своим брендом. Разбираю модель, лицензии и как на этом зарабатывать.","https://chimitdorzhi.tech/blog/white-label-magazin-dlya-nishi-2026/","","white-label, e-commerce, Medusa, open-source"
"Свой сервис мониторинга под брендом: white-label на базе Uptime Kuma","https://chimitdorzhi.tech/blog/white-label-monitoring-uptime-2026/pin.png","CHIMITDORZHI STUDIO","","Свой сервис мониторинга доступности и статус-страниц под вашим брендом на базе Uptime Kuma (MIT — удобна для white-label) — предлагать веб-студиям, хостингам и бизнесу по подписке. Разбираю модель и как на этом зарабатывать.","https://chimitdorzhi.tech/blog/white-label-monitoring-uptime-2026/","","white-label, мониторинг, Uptime Kuma, open-source"
"White-label на open-source: как запустить свой IT-продукт без разработки с нуля","https://chimitdorzhi.tech/blog/white-label-na-open-source-2026/pin.png","CHIMITDORZHI STUDIO","","White-label на open-source — запустить свой IT-продукт под своим брендом, не разрабатывая с нуля. Разбираю модель, лицензии (что можно и нельзя), мультитенантность, биллинг и как на этом зарабатывать. Честно, с юридическими нюансами.","https://chimitdorzhi.tech/blog/white-label-na-open-source-2026/","","white-label, SaaS, лицензии, open-source"
"Свой сервис онлайн-записи под брендом: white-label на базе Cal.com","https://chimitdorzhi.tech/blog/white-label-onlayn-zapis-cal-com-2026/pin.png","CHIMITDORZHI STUDIO","","Свой сервис онлайн-записи под вашим брендом на базе Cal.com — перепродавать салонам, клиникам и мастерам как собственный продукт по подписке. Разбираю модель, лицензионные нюансы и как на этом зарабатывать.","https://chimitdorzhi.tech/blog/white-label-onlayn-zapis-cal-com-2026/","","white-label, онлайн-запись, Cal.com, open-source"
"Свой SMM-планировщик под брендом: white-label на базе Mixpost / Postiz","https://chimitdorzhi.tech/blog/white-label-smm-planer-2026/pin.png","CHIMITDORZHI STUDIO","","Свой SMM-планировщик под вашим брендом на базе Mixpost или Postiz — перепродавать SMM-специалистам и агентствам как собственный сервис. Разбираю модель, лицензионные нюансы и как на этом зарабатывать.","https://chimitdorzhi.tech/blog/white-label-smm-planer-2026/","","white-label, SMM, Mixpost, open-source"
"Activepieces: простая автоматизация процессов на своём сервере","https://chimitdorzhi.tech/blog/activepieces-prostaya-avtomatizaciya-2026/pin.png","CHIMITDORZHI STUDIO","","Activepieces связывает ваши сервисы в автоматические сценарии без кода — как Zapier, только на своём сервере и без платы за объём. Разбираю, что умеет и что нужно для запуска.","https://chimitdorzhi.tech/blog/activepieces-prostaya-avtomatizaciya-2026/","","Activepieces, автоматизация, Zapier, open-source"
"AdGuard Home: защита и фильтрация сети офиса на своём сервере","https://chimitdorzhi.tech/blog/adguard-home-zaschita-seti-2026/pin.png","CHIMITDORZHI STUDIO","","AdGuard Home режет рекламу, трекеры и вредоносные сайты на всех устройствах сети сразу — без расширений. Чистый и безопасный интернет в офисе и гостевом Wi-Fi. Разбираю, кому нужно и что требуется.","https://chimitdorzhi.tech/blog/adguard-home-zaschita-seti-2026/","","AdGuard Home, DNS, безопасность, open-source"
"agentic-inbox: AI-помощник для почты на своём контуре","https://chimitdorzhi.tech/blog/agentic-inbox-ai-pochta-2026/pin.png","CHIMITDORZHI STUDIO","","agentic-inbox разгружает почту: AI читает входящие и готовит черновики ответов, а отправляете вы сами. Ниша узкая (Cloudflare Workers), но рутину снимает. Разбираю, кому подходит и что нужно.","https://chimitdorzhi.tech/blog/agentic-inbox-ai-pochta-2026/","","agentic-inbox, AI-почта, автоматизация, open-source"
"Akaunting: учёт финансов и счета для малого бизнеса на своём сервере","https://chimitdorzhi.tech/blog/akaunting-uchet-scheta-2026/pin.png","CHIMITDORZHI STUDIO","","Akaunting помогает новичку и малому бизнесу держать финансы под контролем: доходы, расходы, счета, отчёты — на своём сервере и без подписки. Разбираю, кому подходит и что нужно для запуска.","https://chimitdorzhi.tech/blog/akaunting-uchet-scheta-2026/","","Akaunting, учёт финансов, счета, open-source"
"Apache Guacamole: удалённый доступ к ПК и серверам через браузер","https://chimitdorzhi.tech/blog/apache-guacamole-udalennyy-dostup-2026/pin.png","CHIMITDORZHI STUDIO","","Apache Guacamole даёт удалённый доступ к рабочим местам и серверам прямо из браузера — без установки программ, через ваш сервер. Разбираю, кому подходит и что нужно для запуска.","https://chimitdorzhi.tech/blog/apache-guacamole-udalennyy-dostup-2026/","","Apache Guacamole, удалённый доступ, RDP, open-source"
"Apache Superset: BI и дашборды на своём сервере вместо Tableau","https://chimitdorzhi.tech/blog/apache-superset-bi-dashbordy-2026/pin.png","CHIMITDORZHI STUDIO","","Apache Superset строит интерактивные дашборды и аналитику поверх ваших баз — мощно, как Tableau, но без лицензий и на своём сервере. Сложнее Metabase, но гибче. Разбираю внедрение.","https://chimitdorzhi.tech/blog/apache-superset-bi-dashbordy-2026/","","Apache Superset, BI, дашборды, open-source"
"Appsmith: админ-панели и внутренние инструменты на своём сервере","https://chimitdorzhi.tech/blog/appsmith-admin-paneli-2026/pin.png","CHIMITDORZHI STUDIO","","Appsmith даёт собрать админ-панель или внутренний инструмент поверх ваших баз и API без полноценной разработки фронтенда — удобный интерфейс к данным для команды, на своём сервере. Разбираю запуск.","https://chimitdorzhi.tech/blog/appsmith-admin-paneli-2026/","","Appsmith, админ-панели, low-code, open-source"
"Badgr и Open Badges: цифровые бейджи и сертификаты на своём сервере","https://chimitdorzhi.tech/blog/badgr-cifrovye-beydzhi-2026/pin.png","CHIMITDORZHI STUDIO","","Badgr выдаёт подтверждённые цифровые бейджи и сертификаты за достижения по стандарту Open Badges — для онлайн-школ, HR и программ лояльности, на вашем сервере. Разбираю, кому нужно и что требуется.","https://chimitdorzhi.tech/blog/badgr-cifrovye-beydzhi-2026/","","Badgr, Open Badges, сертификаты, геймификация"
"Bagisto: интернет-магазин на открытом коде под ключ","https://chimitdorzhi.tech/blog/bagisto-internet-magazin-2026/pin.png","CHIMITDORZHI STUDIO","","Bagisto — это полноценный интернет-магазин на своём сервере без ежемесячной платы платформам. Разбираю, что умеет, кому подходит и что нужно для запуска (включая приём оплаты в РФ).","https://chimitdorzhi.tech/blog/bagisto-internet-magazin-2026/","","Bagisto, интернет-магазин, Shopify, open-source"
"Baserow: база данных без кода на своём сервере","https://chimitdorzhi.tech/blog/baserow-baza-dannyh-bez-koda-2026/pin.png","CHIMITDORZHI STUDIO","","Baserow — это гибкие умные таблицы и базы без кода на вашем сервере: CRM, трекеры задач, базы клиентов без платы за каждого пользователя. Разбираю, что умеет и что нужно для запуска.","https://chimitdorzhi.tech/blog/baserow-baza-dannyh-bez-koda-2026/","","Baserow, база данных, Airtable, open-source"
"BigBlueButton: вебинары и онлайн-обучение на своём сервере","https://chimitdorzhi.tech/blog/bigbluebutton-vebinary-2026/pin.png","CHIMITDORZHI STUDIO","","BigBlueButton — это платформа для вебинаров и обучения с доской, опросами и записью, заточенная под учёбу (в отличие от Zoom). Свои эфиры без лимитов, на своём сервере. Разбираю запуск.","https://chimitdorzhi.tech/blog/bigbluebutton-vebinary-2026/","","BigBlueButton, вебинары, обучение, open-source"
"Bitwarden и Vaultwarden: менеджер паролей для команды на своём сервере","https://chimitdorzhi.tech/blog/bitwarden-menedzher-paroley-2026/pin.png","CHIMITDORZHI STUDIO","","Bitwarden с self-hosted сервером Vaultwarden держит пароли компании под контролем на вашем сервере: общие хранилища, расширения, шифрование. Разбираю, кому нужно и что требуется для запуска.","https://chimitdorzhi.tech/blog/bitwarden-menedzher-paroley-2026/","","Bitwarden, Vaultwarden, пароли, безопасность"
"BookStack: база знаний и документация компании на своём сервере","https://chimitdorzhi.tech/blog/bookstack-baza-znaniy-2026/pin.png","CHIMITDORZHI STUDIO","","BookStack складывает регламенты, инструкции и знания компании в понятную структуру «книги-главы-страницы» на вашем сервере. Разбираю, что умеет, кому подходит и что нужно для запуска.","https://chimitdorzhi.tech/blog/bookstack-baza-znaniy-2026/","","BookStack, база знаний, документация, open-source"
"Botpress: платформа AI-чат-ботов на своём сервере под ключ","https://chimitdorzhi.tech/blog/botpress-ai-chat-boty-2026/pin.png","CHIMITDORZHI STUDIO","","Botpress — конструктор AI-чат-ботов, который можно держать на своём сервере и со своими моделями. Разбираю возможности, кому подходит и что нужно для запуска.","https://chimitdorzhi.tech/blog/botpress-ai-chat-boty-2026/","","Botpress, AI-бот, чат-боты, open-source"
"Budibase: low-code конструктор внутренних приложений на своём сервере","https://chimitdorzhi.tech/blog/budibase-vnutrennie-prilozheniya-2026/pin.png","CHIMITDORZHI STUDIO","","Budibase позволяет быстро собрать внутренний инструмент — учёт заявок, базу клиентов, панель для сотрудников — без дорогой разработки и зоопарка Excel-файлов, на своём сервере. Разбираю, кому подходит и что нужно.","https://chimitdorzhi.tech/blog/budibase-vnutrennie-prilozheniya-2026/","","Budibase, low-code, внутренние приложения, open-source"
"CatVTON: виртуальная примерка одежды на своём сервере","https://chimitdorzhi.tech/blog/catvton-virtualnaya-primerka-2026/pin.png","CHIMITDORZHI STUDIO","","CatVTON показывает покупателю, как вещь будет сидеть, по одному фото — виртуальная примерочная на сайте или в боте магазина. Разбираю, кому подходит, что умеет и что нужно для запуска.","https://chimitdorzhi.tech/blog/catvton-virtualnaya-primerka-2026/","","CatVTON, виртуальная примерка, AI, open-source"
"Chandra: AI-OCR для извлечения данных из документов на своём сервере","https://chimitdorzhi.tech/blog/chandra-ai-ocr-dokumenty-2026/pin.png","CHIMITDORZHI STUDIO","","Chandra извлекает из сканов и PDF структурированные данные — таблицы, формы, рукописный текст — для автоматической обработки. Дополняет архив Paperless-ngx. Разбираю применение и запуск.","https://chimitdorzhi.tech/blog/chandra-ai-ocr-dokumenty-2026/","","Chandra, AI-OCR, документооборот, open-source"
"ClassQuiz: квизы-игры в реальном времени на своём сервере (аналог Kahoot)","https://chimitdorzhi.tech/blog/classquiz-kviz-igry-2026/pin.png","CHIMITDORZHI STUDIO","","ClassQuiz — это интерактивные квизы-игры как Kahoot: зал отвечает с телефонов, на экране — рейтинг и азарт. Для мероприятий, обучения и вовлечения команды, на вашем сервере. Разбираю запуск.","https://chimitdorzhi.tech/blog/classquiz-kviz-igry-2026/","","ClassQuiz, квизы, Kahoot, геймификация"
"ComfyUI: профессиональная генерация изображений на своём сервере","https://chimitdorzhi.tech/blog/comfyui-generaciya-izobrazheniy-2026/pin.png","CHIMITDORZHI STUDIO","","ComfyUI даёт профессиональный контроль над генерацией изображений: нодовые пайплайны, пакетная обработка, расширения — для студий и маркетинга, на своём сервере. Разбираю, кому подходит и что нужно.","https://chimitdorzhi.tech/blog/comfyui-generaciya-izobrazheniy-2026/","","ComfyUI, генерация изображений, Stable Diffusion, open-source"
"Coolify: своя платформа деплоя приложений на сервере","https://chimitdorzhi.tech/blog/coolify-svoya-platforma-deploya-2026/pin.png","CHIMITDORZHI STUDIO","","Coolify превращает ваш сервер в платформу деплоя как Vercel/Heroku: запускаете сайты, приложения и сервисы в пару кликов, без растущих облачных счетов. Разбираю, кому подходит и что нужно.","https://chimitdorzhi.tech/blog/coolify-svoya-platforma-deploya-2026/","","Coolify, деплой, PaaS, open-source"
"CryptPad: приватный онлайн-офис с шифрованием на своём сервере","https://chimitdorzhi.tech/blog/cryptpad-privatnyy-ofis-2026/pin.png","CHIMITDORZHI STUDIO","","CryptPad — это совместная работа над документами без передачи данных третьим: всё зашифровано и лежит на вашем сервере. Разбираю, кому это важно и что нужно для запуска.","https://chimitdorzhi.tech/blog/cryptpad-privatnyy-ofis-2026/","","CryptPad, онлайн-офис, 152-ФЗ, open-source"
"Dify: платформа для AI-приложений и ассистентов на своём сервере","https://chimitdorzhi.tech/blog/dify-ai-prilozheniya-2026/pin.png","CHIMITDORZHI STUDIO","","Dify — это конструктор AI-приложений и ассистентов с базой знаний (RAG) на вашем сервере и ваших моделях. Разбираю, что умеет, кому подходит и что нужно для запуска.","https://chimitdorzhi.tech/blog/dify-ai-prilozheniya-2026/","","Dify, AI-приложения, RAG, open-source"
"Discourse: своё сообщество и форум на своём сервере","https://chimitdorzhi.tech/blog/discourse-soobschestvo-forum-2026/pin.png","CHIMITDORZHI STUDIO","","Discourse превращает подписчиков соцсетей в собственное сообщество, которым владеете вы, а не алгоритмы: обсуждения, репутация, база знаний и UGC на вашем сервере. Разбираю возможности и запуск.","https://chimitdorzhi.tech/blog/discourse-soobschestvo-forum-2026/","","Discourse, сообщество, форум, open-source"
"docker-mailserver: корпоративная почта на своём сервере","https://chimitdorzhi.tech/blog/docker-mailserver-pochtovyy-server-2026/pin.png","CHIMITDORZHI STUDIO","","docker-mailserver поднимает полноценную корпоративную почту на вашем сервере: ящики на своём домене, спам-фильтры, шифрование — без подписок и с данными у себя. Разбираю, что нужно для запуска и доставляемости.","https://chimitdorzhi.tech/blog/docker-mailserver-pochtovyy-server-2026/","","docker-mailserver, почтовый сервер, импортозамещение, open-source"
"Documenso: электронная подпись документов (аналог DocuSign) на своём сервере","https://chimitdorzhi.tech/blog/documenso-elektronnaya-podpis-2026/pin.png","CHIMITDORZHI STUDIO","","Documenso позволяет подписывать договоры и акты онлайн без пересылки бумаги и подписки на зарубежный DocuSign, а документы и данные клиентов остаются у вас. Разбираю возможности и нюансы юридической силы.","https://chimitdorzhi.tech/blog/documenso-elektronnaya-podpis-2026/","","Documenso, электронная подпись, документооборот, open-source"
"Дропшиппинг в России 2026: как заработать и что нужно технически","https://chimitdorzhi.tech/blog/dropshipping-rossiya-2026/pin.png","CHIMITDORZHI STUDIO","","Дропшиппинг позволяет продавать без своего склада, но у модели есть и подводные камни. Разбираю честно: как это работает в РФ, какая маржа и что нужно технически для старта.","https://chimitdorzhi.tech/blog/dropshipping-rossiya-2026/","","заработок, дропшиппинг, интернет-магазин, 2026"
"Duplicati: шифрованное резервное копирование в любое хранилище","https://chimitdorzhi.tech/blog/duplicati-rezervnoe-kopirovanie-2026/pin.png","CHIMITDORZHI STUDIO","","Duplicati делает автоматические шифрованные бэкапы по расписанию в любое хранилище — дешёвая страховка от потери данных. Главное — правильно настроить и проверять восстановление. Разбираю, как и от каких ошибок.","https://chimitdorzhi.tech/blog/duplicati-rezervnoe-kopirovanie-2026/","","Duplicati, резервное копирование, бэкап, open-source"
"Excalidraw: свой редактор инфографики и каруселей для соцсетей","https://chimitdorzhi.tech/blog/excalidraw-infografika-karuseli-2026/pin.png","CHIMITDORZHI STUDIO","","Excalidraw — это свой редактор каруселей, схем и инфографики на сервере: без водяных знаков и абонентки Canva, с фирменными шаблонами и данными у себя. Визуал, который собирает сохранения и репосты. Разбираю запуск.","https://chimitdorzhi.tech/blog/excalidraw-infografika-karuseli-2026/","","Excalidraw, инфографика, карусели, open-source"
"Fooocus: генерация изображений локально вместо Midjourney","https://chimitdorzhi.tech/blog/fooocus-generaciya-izobrazheniy-2026/pin.png","CHIMITDORZHI STUDIO","","Fooocus генерирует изображения по промпту локально — как Midjourney, но без подписки и с картинками у себя. Для маркетинга и контента. Разбираю требования к видеокарте и запуск.","https://chimitdorzhi.tech/blog/fooocus-generaciya-izobrazheniy-2026/","","Fooocus, генерация изображений, Midjourney, AI"
"Formbricks: формы и опросы на своём сервере вместо Typeform","https://chimitdorzhi.tech/blog/formbricks-formy-oprosy-2026/pin.png","CHIMITDORZHI STUDIO","","Formbricks собирает заявки и обратную связь через формы и опросы — как Typeform, но на вашем сервере и с данными у себя. Разбираю возможности, кому подходит и что нужно для запуска.","https://chimitdorzhi.tech/blog/formbricks-formy-oprosy-2026/","","Formbricks, формы, опросы, open-source"
"FreeScout: служба поддержки по email (аналог Help Scout) на своём сервере","https://chimitdorzhi.tech/blog/freescout-sluzhba-podderzhki-2026/pin.png","CHIMITDORZHI STUDIO","","FreeScout превращает хаос в support@ в управляемую поддержку: письма становятся тикетами с историей по клиенту, распределяются между операторами, без подписки за оператора. На своём сервере. Разбираю запуск.","https://chimitdorzhi.tech/blog/freescout-sluzhba-podderzhki-2026/","","FreeScout, служба поддержки, helpdesk, open-source"
"Gamification Engine: движок игровых механик для продукта","https://chimitdorzhi.tech/blog/gamification-engine-dvizhok-2026/pin.png","CHIMITDORZHI STUDIO","","Gamification Engine добавляет в ваш продукт баллы, бейджи, рейтинги и достижения через API — игровые механики без разработки с нуля. Разбираю, кому подходит и что нужно для встройки.","https://chimitdorzhi.tech/blog/gamification-engine-dvizhok-2026/","","Gamification Engine, геймификация, API, open-source"
"Gitea и Forgejo: свой Git-хостинг для команды на своём сервере","https://chimitdorzhi.tech/blog/gitea-svoy-git-hosting-2026/pin.png","CHIMITDORZHI STUDIO","","Gitea — это свой Git-хостинг как GitHub, но на вашем сервере: репозитории, ревью кода, CI/CD и права доступа. Исходный код и интеллектуальная собственность компании остаются у вас. Разбираю запуск.","https://chimitdorzhi.tech/blog/gitea-svoy-git-hosting-2026/","","Gitea, Git, импортозамещение, open-source"
"GLPI: ITSM и учёт ИТ-активов на своём сервере","https://chimitdorzhi.tech/blog/glpi-itsm-uchet-aktivov-2026/pin.png","CHIMITDORZHI STUDIO","","GLPI объединяет ИТ-поддержку (заявки, SLA) и учёт техники и ПО в одной системе на своём сервере. Популярна в РФ. Разбираю, кому подходит и что нужно для запуска.","https://chimitdorzhi.tech/blog/glpi-itsm-uchet-aktivov-2026/","","GLPI, ITSM, учёт активов, open-source"
"Grafana: дашборды и визуализация метрик бизнеса на своём сервере","https://chimitdorzhi.tech/blog/grafana-dashbordy-metriki-2026/pin.png","CHIMITDORZHI STUDIO","","Grafana собирает ключевые показатели бизнеса — продажи, заявки, нагрузку, остатки — на один дашборд в реальном времени, вместо ручных отчётов в Excel. Данные у себя. Разбираю возможности и запуск.","https://chimitdorzhi.tech/blog/grafana-dashbordy-metriki-2026/","","Grafana, дашборды, аналитика, open-source"
"Habitica: геймификация задач и мотивации команды на своём сервере","https://chimitdorzhi.tech/blog/habitica-geymifikaciya-zadach-2026/pin.png","CHIMITDORZHI STUDIO","","Habitica превращает задачи и привычки в игру: опыт, уровни, награды и командные квесты — для мотивации команды или личной продуктивности, на вашем сервере. Разбираю возможности и запуск.","https://chimitdorzhi.tech/blog/habitica-geymifikaciya-zadach-2026/","","Habitica, геймификация, мотивация, open-source"
"Hermes-agent: персональный AI-агент на своём сервере","https://chimitdorzhi.tech/blog/hermes-agent-ai-assistent-na-servere-2026/pin.png","CHIMITDORZHI STUDIO","","Hermes-agent — это персональный AI-агент на вашем сервере, который помнит контекст, создаёт навыки и выполняет задачи через мессенджеры. Честно: передовое и требует сопровождения. Разбираю, кому подходит.","https://chimitdorzhi.tech/blog/hermes-agent-ai-assistent-na-servere-2026/","","Hermes-agent, AI-агент, автоматизация, open-source"
"Home Assistant: умный офис и здание на своём сервере","https://chimitdorzhi.tech/blog/home-assistant-umnyy-ofis-2026/pin.png","CHIMITDORZHI STUDIO","","Home Assistant объединяет устройства офиса или здания в одну систему со сценариями автоматизации — локально, без облака. Экономия энергии, безопасность, удобство. Разбираю бизнес-применение и запуск.","https://chimitdorzhi.tech/blog/home-assistant-umnyy-ofis-2026/","","Home Assistant, умный офис, IoT, open-source"
"Immich: свой фотоархив на сервере под ключ","https://chimitdorzhi.tech/blog/immich-fotoarhiv-2026/pin.png","CHIMITDORZHI STUDIO","","Immich хранит большой архив фото и видео на вашем сервере — как Google Photos, но без подписки за объём и с данными у себя. Разбираю, кому подходит и что нужно для запуска.","https://chimitdorzhi.tech/blog/immich-fotoarhiv-2026/","","Immich, фотоархив, Google Photos, open-source"
"InvenTree: складской учёт и управление запасами на своём сервере","https://chimitdorzhi.tech/blog/inventree-skladskoy-uchet-2026/pin.png","CHIMITDORZHI STUDIO","","InvenTree наводит порядок на складе: остатки, поставщики, штрихкоды и закупки в одной системе на вашем сервере. Разбираю, кому подходит и что нужно для запуска.","https://chimitdorzhi.tech/blog/inventree-skladskoy-uchet-2026/","","InvenTree, складской учёт, запасы, open-source"
"Jellyfin: своя медиатека и ТВ для заведения на своём сервере","https://chimitdorzhi.tech/blog/jellyfin-svoya-mediateka-2026/pin.png","CHIMITDORZHI STUDIO","","Jellyfin превращает ваш сервер в медиатеку для заведения: видео, музыка и фото на экранах кафе, фитнеса или отеля — свой контент без подписок и рекламы стримингов. Разбираю, что нужно для запуска.","https://chimitdorzhi.tech/blog/jellyfin-svoya-mediateka-2026/","","Jellyfin, медиатека, HoReCa, open-source"
"Каталог open-source решений для бизнеса: что развернуть на своём сервере","https://chimitdorzhi.tech/blog/katalog-open-source-resheniy-dlya-biznesa-2026/pin.png","CHIMITDORZHI STUDIO","","Полный каталог open-source решений, которые заменяют дорогие облачные сервисы и возвращают данные под ваш контроль: CRM, аналитика, документы, почта, безопасность, магазины, AI. Сгруппировано по задачам, каждое разворачиваю под ключ.","https://chimitdorzhi.tech/blog/katalog-open-source-resheniy-dlya-biznesa-2026/","","open-source, каталог, self-hosted, импортозамещение, 2026"
"Keycloak: единый вход (SSO) для сотрудников на своём сервере","https://chimitdorzhi.tech/blog/keycloak-edinyy-vhod-sso-2026/pin.png","CHIMITDORZHI STUDIO","","Keycloak даёт сотрудникам один безопасный логин ко всем корпоративным системам с двухфакторной аутентификацией — централизованный контроль доступа на своём сервере. Разбираю внедрение.","https://chimitdorzhi.tech/blog/keycloak-edinyy-vhod-sso-2026/","","Keycloak, SSO, безопасность, open-source"
"LibreTranslate: свой переводчик на своём сервере вместо Google","https://chimitdorzhi.tech/blog/libretranslate-svoy-perevodchik-2026/pin.png","CHIMITDORZHI STUDIO","","LibreTranslate переводит текст на вашем сервере — через веб и API, без отправки конфиденциальных текстов в чужие облака. Разбираю возможности, ограничения и что нужно для запуска.","https://chimitdorzhi.tech/blog/libretranslate-svoy-perevodchik-2026/","","LibreTranslate, переводчик, 152-ФЗ, open-source"
"LinkStack: мультиссылка на своём домене вместо Taplink","https://chimitdorzhi.tech/blog/linkstack-multissylka-2026/pin.png","CHIMITDORZHI STUDIO","","LinkStack собирает все ваши контакты, соцсети и каталог в одну страницу на своём домене — как Taplink, но без подписки и чужого бренда в адресе. Идеально для сетевика и эксперта. Разбираю запуск.","https://chimitdorzhi.tech/blog/linkstack-multissylka-2026/","","LinkStack, мультиссылка, link-in-bio, open-source"
"Matomo: веб-аналитика, полный аналог Google Analytics на своём сервере","https://chimitdorzhi.tech/blog/matomo-veb-analitika-2026/pin.png","CHIMITDORZHI STUDIO","","Matomo — это полноценная аналитика сайта на своём сервере: источники, цели, карты кликов — как Google Analytics, но с данными у себя и без слежки Google. Разбираю возможности и запуск.","https://chimitdorzhi.tech/blog/matomo-veb-analitika-2026/","","Matomo, веб-аналитика, Google Analytics, open-source"
"Matrix и Element: защищённый корпоративный мессенджер на своём сервере","https://chimitdorzhi.tech/blog/matrix-element-korporativnyy-messenger-2026/pin.png","CHIMITDORZHI STUDIO","","Matrix с клиентом Element — это корпоративный мессенджер с шифрованием на вашем сервере: общение команды без зависимости от чужих сервисов и с данными у себя. Разбираю, кому это нужно и что требуется для запуска.","https://chimitdorzhi.tech/blog/matrix-element-korporativnyy-messenger-2026/","","Matrix, Element, мессенджер, open-source"
"Mayan EDMS: управление документами предприятия на своём сервере","https://chimitdorzhi.tech/blog/mayan-edms-upravlenie-dokumentami-2026/pin.png","CHIMITDORZHI STUDIO","","Mayan EDMS — это корпоративный документооборот на своём сервере: версии, метаданные, маршруты согласования, права и OCR-поиск. Мощнее простого архива. Разбираю, кому подходит и что нужно.","https://chimitdorzhi.tech/blog/mayan-edms-upravlenie-dokumentami-2026/","","Mayan EDMS, документооборот, DMS, open-source"
"Mealie: управление рецептами и меню на своём сервере","https://chimitdorzhi.tech/blog/mealie-recepty-menyu-2026/pin.png","CHIMITDORZHI STUDIO","","Mealie держит базу рецептов, планы меню и списки закупок на вашем сервере — удобно и дома, и для общепита, где важна стандартизация блюд и расчёт продуктов. Разбираю возможности и запуск.","https://chimitdorzhi.tech/blog/mealie-recepty-menyu-2026/","","Mealie, рецепты, меню, open-source"
"Medusa: headless интернет-магазин без комиссий на своём сервере","https://chimitdorzhi.tech/blog/medusa-headless-magazin-2026/pin.png","CHIMITDORZHI STUDIO","","Medusa — это магазин без комиссий с продаж и полной кастомизацией: headless-движок под нестандартные витрины и интеграции. Разбираю, кому подходит и что нужно для запуска.","https://chimitdorzhi.tech/blog/medusa-headless-magazin-2026/","","Medusa, интернет-магазин, headless, open-source"
"Meilisearch: быстрый поиск для сайта и каталога на своём сервере","https://chimitdorzhi.tech/blog/meilisearch-poisk-dlya-sayta-2026/pin.png","CHIMITDORZHI STUDIO","","Meilisearch делает на сайте мгновенный умный поиск с учётом опечаток и фильтрами — как Algolia, но на вашем сервере и без подписки. Особенно полезно магазинам. Разбираю внедрение.","https://chimitdorzhi.tech/blog/meilisearch-poisk-dlya-sayta-2026/","","Meilisearch, поиск, Algolia, open-source"
"Mixpost: командный SMM-центр и автопостинг во все соцсети на своём сервере","https://chimitdorzhi.tech/blog/mixpost-smm-tsentr-2026/pin.png","CHIMITDORZHI STUDIO","","Mixpost — это свой SMM-центр: планирование и автопостинг во все соцсети из одного окна, командная работа и аналитика, на вашем сервере и без подписок за каждого специалиста. Разбираю, кому подходит и что нужно.","https://chimitdorzhi.tech/blog/mixpost-smm-tsentr-2026/","","Mixpost, SMM, автопостинг, open-source"
"MoneyPrinterTurbo: авто-генерация коротких видео на своём сервере","https://chimitdorzhi.tech/blog/moneyprinterturbo-ai-video-2026/pin.png","CHIMITDORZHI STUDIO","","MoneyPrinterTurbo собирает черновики коротких роликов из темы: сценарий, видеоряд, субтитры, музыка. Честно: это ускоритель производства, а не «станок для денег». Разбираю, кому подходит и что нужно.","https://chimitdorzhi.tech/blog/moneyprinterturbo-ai-video-2026/","","MoneyPrinterTurbo, AI-видео, контент, open-source"
"Moodle: платформа онлайн-обучения (LMS) на своём сервере","https://chimitdorzhi.tech/blog/moodle-onlayn-obuchenie-2026/pin.png","CHIMITDORZHI STUDIO","","Moodle — это своя платформа обучения: курсы, тесты, задания, сертификаты — для онлайн-школы или обучения сотрудников, без подписок и с данными у себя. Разбираю, кому подходит и что нужно.","https://chimitdorzhi.tech/blog/moodle-onlayn-obuchenie-2026/","","Moodle, LMS, онлайн-обучение, open-source"
"MOSS-TTS-Nano: синтез речи на своём сервере без GPU","https://chimitdorzhi.tech/blog/moss-tts-nano-sintez-rechi-2026/pin.png","CHIMITDORZHI STUDIO","","MOSS-TTS-Nano озвучивает текст человеческим голосом на своём сервере — без видеокарты и без отправки данных наружу. Для роликов, голосовых ботов и IVR. Разбираю возможности и запуск.","https://chimitdorzhi.tech/blog/moss-tts-nano-sintez-rechi-2026/","","MOSS-TTS-Nano, синтез речи, TTS, open-source"
"ntfy: свои push-уведомления на своём сервере","https://chimitdorzhi.tech/blog/ntfy-push-uvedomleniya-2026/pin.png","CHIMITDORZHI STUDIO","","ntfy шлёт уведомления о важных событиях бизнеса прямо на телефон: заявка с сайта, новый заказ, сбой сервера — простым запросом из любой системы, без чужих облаков. Разбираю применение.","https://chimitdorzhi.tech/blog/ntfy-push-uvedomleniya-2026/","","ntfy, уведомления, автоматизация, open-source"
"Odoo: ERP всё-в-одном на своём сервере","https://chimitdorzhi.tech/blog/odoo-erp-vsyo-v-odnom-2026/pin.png","CHIMITDORZHI STUDIO","","Odoo заменяет зоопарк программ единой системой: CRM, склад, закупки, бухгалтерия, проекты — модулями, на своём сервере. Это внедрение, а не «поставил и работает». Разбираю честно.","https://chimitdorzhi.tech/blog/odoo-erp-vsyo-v-odnom-2026/","","Odoo, ERP, автоматизация бизнеса, open-source"
"Open Loyalty: программа лояльности с геймификацией на своём сервере","https://chimitdorzhi.tech/blog/open-loyalty-programma-loyalnosti-2026/pin.png","CHIMITDORZHI STUDIO","","Open Loyalty — это своя программа лояльности с геймификацией: баллы, уровни, награды и челленджи для клиентов, на вашем сервере и без дорогих подписок. Разбираю, кому подходит и что нужно для запуска.","https://chimitdorzhi.tech/blog/open-loyalty-programma-loyalnosti-2026/","","Open Loyalty, лояльность, геймификация, open-source"
"OpenCart: интернет-магазин на своём сервере без комиссий","https://chimitdorzhi.tech/blog/opencart-internet-magazin-2026/pin.png","CHIMITDORZHI STUDIO","","OpenCart — классический движок интернет-магазина с админкой, особенно популярный в РФ: каталог, заказы, оплата, много модулей. Без комиссий с продаж. Разбираю, кому подходит и что нужно.","https://chimitdorzhi.tech/blog/opencart-internet-magazin-2026/","","OpenCart, интернет-магазин, e-commerce, open-source"
"OpenProject: управление проектами на своём сервере под ключ","https://chimitdorzhi.tech/blog/openproject-upravlenie-proektami-2026/pin.png","CHIMITDORZHI STUDIO","","OpenProject держит проекты, задачи и сроки команды на вашем сервере — как Jira/MS Project, но без лицензий и с данными у себя. Разбираю возможности и запуск.","https://chimitdorzhi.tech/blog/openproject-upravlenie-proektami-2026/","","OpenProject, управление проектами, Jira, open-source"
"OpenSign: электронная подпись документов на своём сервере","https://chimitdorzhi.tech/blog/opensign-elektronnaya-podpis-2026/pin.png","CHIMITDORZHI STUDIO","","OpenSign позволяет отправлять документы на подпись онлайн — договоры с клиентами и партнёрами без распечаток, как DocuSign, но на своём сервере. Разбираю возможности, юридический нюанс и запуск.","https://chimitdorzhi.tech/blog/opensign-elektronnaya-podpis-2026/","","OpenSign, электронная подпись, DocuSign, open-source"
"Owncast: своя платформа трансляций на своём сервере","https://chimitdorzhi.tech/blog/owncast-svoya-strim-platforma-2026/pin.png","CHIMITDORZHI STUDIO","","Owncast — это свои прямые трансляции на своём домене: вебинары, мероприятия, обучение без рекламы и чужих правил. Разбираю возможности, требования к серверу и запуск.","https://chimitdorzhi.tech/blog/owncast-svoya-strim-platforma-2026/","","Owncast, трансляции, стриминг, open-source"
"Paperless-ngx: электронный архив документов с OCR на своём сервере","https://chimitdorzhi.tech/blog/paperless-ngx-arhiv-dokumentov-2026/pin.png","CHIMITDORZHI STUDIO","","Paperless-ngx превращает бумажные и PDF-документы в искомый электронный архив: OCR, теги, поиск по содержимому. Для бухгалтерии, юристов и офисов. Разбираю возможности и запуск.","https://chimitdorzhi.tech/blog/paperless-ngx-arhiv-dokumentov-2026/","","Paperless-ngx, документооборот, OCR, open-source"
"PeerTube: своя видеоплатформа (аналог YouTube) на своём сервере","https://chimitdorzhi.tech/blog/peertube-svoya-videoplatforma-2026/pin.png","CHIMITDORZHI STUDIO","","PeerTube — это свой видеохостинг на своём домене: каналы, подписки, встраивание плеера в сайт. Видео и аудитория остаются у вас, без риска блокировки и алгоритмов чужой платформы. Разбираю запуск.","https://chimitdorzhi.tech/blog/peertube-svoya-videoplatforma-2026/","","PeerTube, видео, видеохостинг, open-source"
"Penpot: Figma на своём сервере под ключ","https://chimitdorzhi.tech/blog/penpot-figma-na-svoyom-servere-2026/pin.png","CHIMITDORZHI STUDIO","","Penpot даёт дизайн-команде инструмент уровня Figma на своём сервере — без подписки и с файлами у себя. Разбираю возможности, кому подходит и что нужно для запуска.","https://chimitdorzhi.tech/blog/penpot-figma-na-svoyom-servere-2026/","","Penpot, дизайн, Figma, open-source"
"Plane: управление проектами и задачами (аналог Jira) на своём сервере","https://chimitdorzhi.tech/blog/plane-upravlenie-proektami-2026/pin.png","CHIMITDORZHI STUDIO","","Plane — это современный трекер задач в духе Linear для команды: задачи, спринты, доски и роадмапы, без дорогих лицензий за пользователя и с данными у себя. Разбираю возможности и запуск.","https://chimitdorzhi.tech/blog/plane-upravlenie-proektami-2026/","","Plane, управление проектами, задачи, open-source"
"PostHog: продуктовая аналитика на своём сервере","https://chimitdorzhi.tech/blog/posthog-produktovaya-analitika-2026/pin.png","CHIMITDORZHI STUDIO","","PostHog показывает, что пользователи реально делают в вашем продукте: события, воронки, записи сессий, A/B-тесты — на своём сервере и с данными у себя. Разбираю возможности и запуск.","https://chimitdorzhi.tech/blog/posthog-produktovaya-analitika-2026/","","PostHog, продуктовая аналитика, Mixpanel, open-source"
"Postiz: автопостинг в соцсети на своём сервере под ключ","https://chimitdorzhi.tech/blog/postiz-avtoposting-socseti-2026/pin.png","CHIMITDORZHI STUDIO","","Postiz планирует и публикует посты в соцсети по расписанию — как Buffer/SMMplanner, но на своём сервере и без подписки. Разбираю, кому подходит и что нужно для запуска.","https://chimitdorzhi.tech/blog/postiz-avtoposting-socseti-2026/","","Postiz, автопостинг, SMM, open-source"
"Pritunl: корпоративный VPN на своём сервере","https://chimitdorzhi.tech/blog/pritunl-korporativnyy-vpn-2026/pin.png","CHIMITDORZHI STUDIO","","Pritunl поднимает корпоративный VPN с удобной админкой: сотрудники безопасно подключаются к внутренним ресурсам через ваш сервер. Импортозамещение и контроль. Разбираю, что нужно для запуска.","https://chimitdorzhi.tech/blog/pritunl-korporativnyy-vpn-2026/","","Pritunl, VPN, удалённый доступ, open-source"
"Redmine: управление проектами на своём сервере","https://chimitdorzhi.tech/blog/redmine-upravlenie-proektami-2026/pin.png","CHIMITDORZHI STUDIO","","Redmine — проверенная система управления проектами и задачами: трекинг, вики, Ганта, роли. Классика, популярная в РФ, на своём сервере. Разбираю возможности и запуск.","https://chimitdorzhi.tech/blog/redmine-upravlenie-proektami-2026/","","Redmine, управление проектами, задачи, open-source"
"Remotion: массовое производство коротких видео из шаблонов","https://chimitdorzhi.tech/blog/remotion-video-iz-shablonov-2026/pin.png","CHIMITDORZHI STUDIO","","Remotion генерирует короткие видео из шаблонов и данных на потоке: десятки Reels и Shorts без ручного монтажа. Это инструмент разработчика — нужен сервер и настройка пайплайна. Разбираю честно.","https://chimitdorzhi.tech/blog/remotion-video-iz-shablonov-2026/","","Remotion, видео, Reels, open-source"
"RustDesk: удалённый доступ на своём сервере вместо TeamViewer","https://chimitdorzhi.tech/blog/rustdesk-udalennyy-dostup-2026/pin.png","CHIMITDORZHI STUDIO","","RustDesk даёт удалённый доступ к компьютерам, как TeamViewer, но с собственным сервером — без зависимости от чужой инфраструктуры. Актуально для импортозамещения. Разбираю, кому подходит и что нужно.","https://chimitdorzhi.tech/blog/rustdesk-udalennyy-dostup-2026/","","RustDesk, удалённый доступ, TeamViewer, импортозамещение"
"Send: безопасная передача файлов на своём сервере вместо WeTransfer","https://chimitdorzhi.tech/blog/send-bezopasnaya-peredacha-faylov-2026/pin.png","CHIMITDORZHI STUDIO","","Send позволяет безопасно отправлять файлы клиентам по ссылке: всё шифруется, а файл удаляется после скачивания или по таймеру. Своя замена WeTransfer на вашем сервере. Разбираю, кому нужно и что требуется.","https://chimitdorzhi.tech/blog/send-bezopasnaya-peredacha-faylov-2026/","","Send, передача файлов, шифрование, open-source"
"Shlink: короткие ссылки с аналитикой на своём домене","https://chimitdorzhi.tech/blog/shlink-korotkie-ssylki-analitika-2026/pin.png","CHIMITDORZHI STUDIO","","Shlink делает короткие ссылки на вашем домене и показывает, кто и откуда по ним переходит — как Bitly, но на своём сервере. Помогает понять, что работает в продвижении. Разбираю запуск.","https://chimitdorzhi.tech/blog/shlink-korotkie-ssylki-analitika-2026/","","Shlink, короткие ссылки, аналитика, open-source"
"Stirling-PDF: 50+ инструментов для PDF на своём сервере","https://chimitdorzhi.tech/blog/stirling-pdf-instrumenty-2026/pin.png","CHIMITDORZHI STUDIO","","Stirling-PDF заменяет онлайн-сервисы для PDF своим: объединение, сжатие, OCR, конвертация, подпись — всё на вашем сервере, документы не уходят наружу. Разбираю, кому нужно и что требуется.","https://chimitdorzhi.tech/blog/stirling-pdf-instrumenty-2026/","","Stirling-PDF, PDF, документооборот, open-source"
"Supabase: backend для приложений на своём сервере","https://chimitdorzhi.tech/blog/supabase-backend-dlya-prilozheniy-2026/pin.png","CHIMITDORZHI STUDIO","","Supabase даёт готовую техническую базу для приложения — БД, авторизацию, API и хранилище — на своём сервере, как Firebase, но с данными у себя. Разбираю возможности и запуск.","https://chimitdorzhi.tech/blog/supabase-backend-dlya-prilozheniy-2026/","","Supabase, backend, Firebase, open-source"
"Taiga: agile и scrum-доски для команд на своём сервере","https://chimitdorzhi.tech/blog/taiga-agile-doski-2026/pin.png","CHIMITDORZHI STUDIO","","Taiga ведёт проекты по agile и scrum — доски, бэклог, спринты — на вашем сервере, как Jira, но без лицензий. Разбираю возможности, кому подходит и что нужно для запуска.","https://chimitdorzhi.tech/blog/taiga-agile-doski-2026/","","Taiga, agile, управление проектами, open-source"
"Uptime Kuma: мониторинг доступности сайтов и статус-страница на своём сервере","https://chimitdorzhi.tech/blog/uptime-kuma-monitoring-dostupnosti-2026/pin.png","CHIMITDORZHI STUDIO","","Uptime Kuma следит за доступностью ваших сайтов и сервисов и сразу пишет в Telegram, если что-то упало, плюс показывает клиентам публичную статус-страницу. Узнавайте о сбоях первыми. Разбираю запуск.","https://chimitdorzhi.tech/blog/uptime-kuma-monitoring-dostupnosti-2026/","","Uptime Kuma, мониторинг, аптайм, open-source"
"Viseron: AI-видеонаблюдение на своём сервере без облака","https://chimitdorzhi.tech/blog/viseron-ai-videonablyudenie-2026/pin.png","CHIMITDORZHI STUDIO","","Viseron делает камеры умными: распознаёт людей, машины и движение и пишет по событиям — локально на вашем сервере, без облачных подписок и с видео у себя. Разбираю, кому подходит и что нужно.","https://chimitdorzhi.tech/blog/viseron-ai-videonablyudenie-2026/","","Viseron, видеонаблюдение, AI, open-source"
"Wazuh: мониторинг безопасности (SIEM/XDR) для инфраструктуры на своём сервере","https://chimitdorzhi.tech/blog/wazuh-monitoring-bezopasnosti-2026/pin.png","CHIMITDORZHI STUDIO","","Wazuh показывает, что происходит с безопасностью серверов и рабочих станций: ловит вторжения и аномалии, контролирует уязвимости и помогает с требованиями по защите данных. Серьёзный инструмент. Разбираю честно.","https://chimitdorzhi.tech/blog/wazuh-monitoring-bezopasnosti-2026/","","Wazuh, безопасность, SIEM, open-source"
"Wiki.js: корпоративная вики и база знаний на своём сервере","https://chimitdorzhi.tech/blog/wiki-js-korporativnaya-wiki-2026/pin.png","CHIMITDORZHI STUDIO","","Wiki.js собирает регламенты, инструкции и знания компании в одну удобную вики на вашем сервере — как Confluence, но без подписки и с данными у себя. Разбираю, что умеет и что нужно для запуска.","https://chimitdorzhi.tech/blog/wiki-js-korporativnaya-wiki-2026/","","Wiki.js, база знаний, вики, open-source"
"Xibo: цифровые вывески и экраны для заведения на своём сервере","https://chimitdorzhi.tech/blog/xibo-cifrovye-vyveski-2026/pin.png","CHIMITDORZHI STUDIO","","Xibo управляет экранами в заведении из одного места: меню, акции, объявления по расписанию — для магазинов, кафе, фитнеса и клиник, без облачных подписок. Разбираю, что нужно для запуска.","https://chimitdorzhi.tech/blog/xibo-cifrovye-vyveski-2026/","","Xibo, digital signage, цифровые вывески, open-source"
"Zabbix: мониторинг ИТ-инфраструктуры на своём сервере","https://chimitdorzhi.tech/blog/zabbix-monitoring-infrastruktury-2026/pin.png","CHIMITDORZHI STUDIO","","Zabbix следит за серверами, сетью и сервисами и предупреждает о сбоях до того, как их заметят клиенты. Популярен в РФ, разворачивается на своём сервере. Разбираю, кому нужен и что требуется.","https://chimitdorzhi.tech/blog/zabbix-monitoring-infrastruktury-2026/","","Zabbix, мониторинг, инфраструктура, open-source"
"Как зарабатывать на автоматизации бизнеса (стать интегратором)","https://chimitdorzhi.tech/blog/zarabotok-na-avtomatizacii-integrator-2026/pin.png","CHIMITDORZHI STUDIO","","Бизнес тонет в рутине и готов платить за автоматизацию. Разбираю, как стать интегратором: что продавать, кому, сколько брать и как расти от мелких задач к комплексным проектам.","https://chimitdorzhi.tech/blog/zarabotok-na-avtomatizacii-integrator-2026/","","заработок, автоматизация, интегратор, 2026"
"Как заработать на создании ботов в MAX в 2026","https://chimitdorzhi.tech/blog/zarabotok-na-botah-v-max-2026/pin.png","CHIMITDORZHI STUDIO","","MAX — молодой российский мессенджер, ботов в нём мало, а спрос растёт — удачный момент, чтобы зайти. Разбираю, что продавать, сколько берут и как начать делать ботов в MAX.","https://chimitdorzhi.tech/blog/zarabotok-na-botah-v-max-2026/","","заработок, боты, MAX, 2026"
"Заработок на чат-ботах для бизнеса: продаём ботов компаниям","https://chimitdorzhi.tech/blog/zarabotok-na-chat-botah-dlya-biznesa-2026/pin.png","CHIMITDORZHI STUDIO","","Чат-боты бизнесу нужны постоянно, а делать их можно и без глубокого кода. Разбираю, что продавать, кому, сколько берут и как начать — со страховкой по сложным заказам.","https://chimitdorzhi.tech/blog/zarabotok-na-chat-botah-dlya-biznesa-2026/","","заработок, чат-боты, IT-услуги, 2026"
"Заработок на геймификации и розыгрышах для бизнеса","https://chimitdorzhi.tech/blog/zarabotok-na-geymifikacii-2026/pin.png","CHIMITDORZHI STUDIO","","Магазинам, кафе и инфобизу нужно вовлекать аудиторию — на механиках розыгрышей и конкурсов можно зарабатывать. Разбираю, что продавать, кому и как начать с готовыми решениями.","https://chimitdorzhi.tech/blog/zarabotok-na-geymifikacii-2026/","","заработок, геймификация, маркетинг, 2026"
"Сколько можно заработать на своём интернет-магазине и с чего начать","https://chimitdorzhi.tech/blog/zarabotok-na-internet-magazine-2026/pin.png","CHIMITDORZHI STUDIO","","Свой интернет-магазин может приносить доход, но цифры сильно зависят от ниши и работы. Разбираю реалистично: из чего складывается прибыль, что нужно для запуска и с чего начать.","https://chimitdorzhi.tech/blog/zarabotok-na-internet-magazine-2026/","","заработок, интернет-магазин, e-commerce, 2026"
"Как заработать на лендингах за 24 часа и поставить на поток","https://chimitdorzhi.tech/blog/zarabotok-na-lendingah-potok-2026/pin.png","CHIMITDORZHI STUDIO","","Лендинги нужны всем, а делать их можно за день на конструкторе. Разбираю, как поставить производство на поток, сколько брать и как масштабироваться через делегирование.","https://chimitdorzhi.tech/blog/zarabotok-na-lendingah-potok-2026/","","заработок, лендинги, веб-разработка, 2026"
"Заработок на своём микро-SaaS: продукт как источник дохода","https://chimitdorzhi.tech/blog/zarabotok-na-mikro-saas-2026/pin.png","CHIMITDORZHI STUDIO","","Микро-SaaS — небольшой сервис по подписке, который может стать источником регулярного дохода. Разбираю, как найти нишу, что нужно для запуска и с чего начать.","https://chimitdorzhi.tech/blog/zarabotok-na-mikro-saas-2026/","","заработок, SaaS, стартап, 2026"
"Заработок на нейросетях: реальные способы для новичка 2026","https://chimitdorzhi.tech/blog/zarabotok-na-neyrosetyah-novichku-2026/pin.png","CHIMITDORZHI STUDIO","","Вокруг «заработка на нейросетях» много хайпа и обмана. Разбираю честно: на чём реально можно зарабатывать с AI новичку, а где развод, и как начать без иллюзий.","https://chimitdorzhi.tech/blog/zarabotok-na-neyrosetyah-novichku-2026/","","заработок, нейросети, AI, 2026"
"Заработок на подписке: как сделать регулярный доход","https://chimitdorzhi.tech/blog/zarabotok-na-podpiske-2026/pin.png","CHIMITDORZHI STUDIO","","Подписка даёт регулярный доход вместо разовых продаж, но держится на удержании и борьбе с оттоком. Разбираю экономику подписки, что нужно технически и с чего начать.","https://chimitdorzhi.tech/blog/zarabotok-na-podpiske-2026/","","заработок, подписка, регулярный доход, 2026"
"Как зарабатывать на рассылках и CRM как услуге","https://chimitdorzhi.tech/blog/zarabotok-na-rassylkah-crm-uslugi-2026/pin.png","CHIMITDORZHI STUDIO","","Настройка рассылок и CRM — востребованная услуга с регулярной оплатой. Разбираю, что продавать, сколько брать, почему важны доставляемость и 152-ФЗ, и как начать.","https://chimitdorzhi.tech/blog/zarabotok-na-rassylkah-crm-uslugi-2026/","","заработок, рассылки, CRM, 2026"
"Как заработать на партнёрской и реферальной программе","https://chimitdorzhi.tech/blog/zarabotok-na-referalnoy-programme-2026/pin.png","CHIMITDORZHI STUDIO","","Реферальная программа превращает клиентов в источник новых клиентов без рекламного бюджета. Разбираю модели вознаграждений, для кого это работает и что нужно технически.","https://chimitdorzhi.tech/blog/zarabotok-na-referalnoy-programme-2026/","","заработок, реферальная программа, маркетинг, 2026"
"Заработок на сайте-каталоге и афише (агрегатор объявлений)","https://chimitdorzhi.tech/blog/zarabotok-na-sayte-kataloge-2026/pin.png","CHIMITDORZHI STUDIO","","Каталог или афиша города/ниши зарабатывает на размещении и рекламе. Разбираю модели дохода, как набрать аудиторию и контент и что нужно технически, чтобы запустить.","https://chimitdorzhi.tech/blog/zarabotok-na-sayte-kataloge-2026/","","заработок, каталог, агрегатор, 2026"
"Как заработать на сервисе по запросу (Uber для X) в своём городе","https://chimitdorzhi.tech/blog/zarabotok-na-servise-po-zaprosu-2026/pin.png","CHIMITDORZHI STUDIO","","Сервис «Uber для X» зарабатывает на комиссии со сделок между клиентом и исполнителем. Разбираю модель дохода, что нужно технически и как стартовать дёшево — с MVP на боте.","https://chimitdorzhi.tech/blog/zarabotok-na-servise-po-zaprosu-2026/","","заработок, сервис по запросу, агрегатор, 2026"
"Как зарабатывать на внедрении open-source бизнесу в 2026","https://chimitdorzhi.tech/blog/zarabotok-na-vnedrenii-opensource-2026/pin.png","CHIMITDORZHI STUDIO","","Open-source бесплатный, но развернуть и поддержать его бизнес сам не может — на этом можно зарабатывать. Разбираю модели дохода, что нужно уметь и как начать (можно с подстраховкой наставника).","https://chimitdorzhi.tech/blog/zarabotok-na-vnedrenii-opensource-2026/","","заработок, open-source, IT-услуги, 2026"
"152-ФЗ для организатора мероприятий: база участников без штрафов","https://chimitdorzhi.tech/blog/152-fz-dlya-organizatora-meropriyatiy-2026/pin.png","CHIMITDORZHI STUDIO","","Организатор собирает имена, телефоны и почты сотен участников — и почти никогда не думает про 152-ФЗ, пока не приходит жалоба или проверка. Разбираю, какое согласие нужно при регистрации, что можно в рассылках и как хранить базу по закону.","https://chimitdorzhi.tech/blog/152-fz-dlya-organizatora-meropriyatiy-2026/","","152-ФЗ, мероприятия, персональные данные, организаторам, 2026"
"152-ФЗ для психолога: данные клиентов без штрафов в 2026","https://chimitdorzhi.tech/blog/152-fz-dlya-psihologa-2026/pin.png","CHIMITDORZHI STUDIO","","Психолог работает с особо чувствительными данными, а про 152-ФЗ обычно не думает — пока не приходит проверка или утечка. Разбираю по делу: какое согласие нужно, где хранить записи сессий, чем рискуют онлайн-консультации и как привести всё в соответствие.","https://chimitdorzhi.tech/blog/152-fz-dlya-psihologa-2026/","","152-ФЗ, психологам, персональные данные, комплаенс, 2026"
"AI-нетворкинг на конференции: как подобрать участникам нужные знакомства","https://chimitdorzhi.tech/blog/ai-networking-na-konferencii-2026/pin.png","CHIMITDORZHI STUDIO","","На большинстве конференций нетворкинг — это лотерея: с кем столкнулся в очереди за кофе, с тем и познакомился. AI-мэтчинг превращает случайность в систему: бот подбирает участникам релевантные контакты по целям и интересам и помогает назначить встречу.","https://chimitdorzhi.tech/blog/ai-networking-na-konferencii-2026/","","нетворкинг, AI, конференции, мероприятия, 2026"
"Бизнес без вложений в онлайне: что реально работает, а что миф","https://chimitdorzhi.tech/blog/biznes-bez-vlozheniy-onlayn-2026/pin.png","CHIMITDORZHI STUDIO","","«Бизнес без вложений» — приманка, за которой часто прячется либо иллюзия, либо развод. Разбираю честно: что реально можно начать почти без денег (но не без труда), что миф, и как проверить идею до того, как вложиться.","https://chimitdorzhi.tech/blog/biznes-bez-vlozheniy-onlayn-2026/","","бизнес без вложений, старт бизнеса, онлайн-бизнес, идеи, 2026"
"Бизнес для мам в декрете: реальные онлайн-идеи без вложений","https://chimitdorzhi.tech/blog/biznes-dlya-mam-v-dekrete-2026/pin.png","CHIMITDORZHI STUDIO","","Декрет — время, когда хочется дохода без офиса и жёсткого графика. Разбираю честно: какие онлайн-идеи реально подходят маме в декрете, на чём можно заработать, а что — иллюзия, и как запуститься быстро, не утонув в рутине.","https://chimitdorzhi.tech/blog/biznes-dlya-mam-v-dekrete-2026/","","бизнес для мам, декрет, онлайн-бизнес, без вложений, 2026"
"Бизнес-идеи для небольшого города в Сибири 2026","https://chimitdorzhi.tech/blog/biznes-idei-dlya-malenkogo-goroda-sibir-2026/pin.png","CHIMITDORZHI STUDIO","","В небольшом городе конкуренция ниже, а сарафанное радио сильнее — но и аудитория меньше. Разбираю, какие бизнес-идеи реально работают в сибирском городе, что можно делать на весь регион онлайн и почему автоматизация даёт здесь особое преимущество.","https://chimitdorzhi.tech/blog/biznes-idei-dlya-malenkogo-goroda-sibir-2026/","","бизнес-идеи, малый город, Сибирь, Бурятия, 2026"
"Бизнес на контенте: каналы, медиа и платный доступ — идеи 2026","https://chimitdorzhi.tech/blog/biznes-na-kontente-platnyy-dostup-2026/pin.png","CHIMITDORZHI STUDIO","","Контент можно превратить в актив, который приносит деньги не только рекламой. Разбираю модели заработка на контенте, идеи форматов и как закрыть часть материалов в платный доступ — с инструментами под российский рынок.","https://chimitdorzhi.tech/blog/biznes-na-kontente-platnyy-dostup-2026/","","бизнес на контенте, платный доступ, медиа, монетизация, 2026"
"Бизнес по подписке: идеи рекуррентной модели для онлайна","https://chimitdorzhi.tech/blog/biznes-po-podpiske-idei-2026/pin.png","CHIMITDORZHI STUDIO","","Разовая продажа приносит деньги один раз, подписка — каждый месяц. Разбираю, почему рекуррентная модель устойчивее, какие идеи подписочного бизнеса работают и что нужно технически, чтобы принимать регулярные платежи.","https://chimitdorzhi.tech/blog/biznes-po-podpiske-idei-2026/","","бизнес по подписке, рекуррентная модель, подписка, старт бизнеса, 2026"
"Бот регистрации на мероприятие: билеты, QR и check-in без очередей","https://chimitdorzhi.tech/blog/bot-registracii-na-meropriyatie-2026/pin.png","CHIMITDORZHI STUDIO","","Гугл-форма для регистрации создаёт хаос: ручной учёт, бумажные списки на входе, очереди. Бот регистрации закрывает весь путь — от заявки и оплаты до QR-билета и быстрого check-in на входе. Разбираю, как это устроено и что важно учесть.","https://chimitdorzhi.tech/blog/bot-registracii-na-meropriyatie-2026/","","регистрация, билеты, QR, мероприятия, 2026"
"Cal.com: онлайн-запись на своём домене вместо Calendly","https://chimitdorzhi.tech/blog/cal-com-onlayn-zapis-2026/pin.png","CHIMITDORZHI STUDIO","","Cal.com — это онлайн-запись на своём домене: клиент сам выбирает слот, получает напоминания. Как Calendly, только без подписки и с данными у себя. Разбираю детали.","https://chimitdorzhi.tech/blog/cal-com-onlayn-zapis-2026/","","Cal.com, онлайн-запись, open-source, свой сервер"
"Чат-бот для эзотерика: заявки, оплата и расклады без ручного труда","https://chimitdorzhi.tech/blog/chat-bot-dlya-ezoterika-2026/pin.png","CHIMITDORZHI STUDIO","","У эзотерика вся продажа уходит в ручную переписку, а контент живёт на одной площадке. Разбираю, как чат-бот берёт заявки и оплату на себя, а AI-расклады работают как вовлекающий контент — честно, как инструмент, без магии и обещаний.","https://chimitdorzhi.tech/blog/chat-bot-dlya-ezoterika-2026/","","чат-бот, эзотерика, таро, AI, 2026"
"Чат-бот-гид по конференции: программа, навигация, нетворкинг","https://chimitdorzhi.tech/blog/chat-bot-gid-po-konferencii-2026/pin.png","CHIMITDORZHI STUDIO","","Бумажная программа устаревает за день, а отдельное приложение скачивают единицы. Бот-гид живёт в мессенджере участника и держит под рукой расписание, личный план, напоминания и навигацию по площадке — а организатору даёт аналитику по сессиям.","https://chimitdorzhi.tech/blog/chat-bot-gid-po-konferencii-2026/","","чат-бот, конференции, мероприятия, AI, 2026"
"Chatwoot: своя омниканальная поддержка вместо Intercom","https://chimitdorzhi.tech/blog/chatwoot-svoya-podderzhka-2026/pin.png","CHIMITDORZHI STUDIO","","Chatwoot собирает обращения клиентов из всех каналов в одно окно — как Intercom, только на своём сервере. Разбираю возможности, сценарии и что нужно для запуска.","https://chimitdorzhi.tech/blog/chatwoot-svoya-podderzhka-2026/","","Chatwoot, поддержка, омниканальность, open-source"
"CRM для частного практика: клиенты, история сессий, напоминания","https://chimitdorzhi.tech/blog/crm-dlya-chastnogo-praktika-2026/pin.png","CHIMITDORZHI STUDIO","","Когда клиентов становится больше десятка, заметки в телефоне перестают работать: забываются повторные записи, теряется история. Разбираю, что такое CRM для практика, как она хранит историю сессий и почему это ещё и про конфиденциальность.","https://chimitdorzhi.tech/blog/crm-dlya-chastnogo-praktika-2026/","","CRM, частная практика, автоматизация, психологам, 2026"
"Доходимость до мероприятия: как поднять напоминаниями и прогревом","https://chimitdorzhi.tech/blog/dohodimost-do-meropriyatiya-2026/pin.png","CHIMITDORZHI STUDIO","","Зарегистрировались 500, пришли 150 — знакомая боль бесплатных и онлайн-событий. Разбираю, как поднять доходимость: чем прогревать до мероприятия, как выстроить цепочку напоминаний и почему даже символическая предоплата меняет картину.","https://chimitdorzhi.tech/blog/dohodimost-do-meropriyatiya-2026/","","доходимость, no-show, мероприятия, напоминания, 2026"
"EspoCRM: бесплатная CRM на своём сервере для малого бизнеса","https://chimitdorzhi.tech/blog/espocrm-besplatnaya-crm-2026/pin.png","CHIMITDORZHI STUDIO","","EspoCRM — это полноценная CRM с открытым кодом на своём сервере: учёт клиентов и сделок без облачной подписки. Разбираю, кому подходит и что нужно для запуска.","https://chimitdorzhi.tech/blog/espocrm-besplatnaya-crm-2026/","","EspoCRM, CRM, open-source, свой сервер"
"Flowise: конструктор AI-ассистентов без кода под ключ","https://chimitdorzhi.tech/blog/flowise-konstruktor-ai-botov-2026/pin.png","CHIMITDORZHI STUDIO","","Flowise собирает AI-ассистента из блоков: подключаешь модель, базу знаний и логику — без программирования. Разбираю возможности, сценарии и что нужно для запуска.","https://chimitdorzhi.tech/blog/flowise-konstruktor-ai-botov-2026/","","Flowise, AI-бот, no-code, open-source"
"Геймификация мероприятия: как вовлечь зал и собрать лиды","https://chimitdorzhi.tech/blog/geymifikaciya-meropriyatiya-2026/pin.png","CHIMITDORZHI STUDIO","","Пассивный зал, который сидит в телефонах не по делу, — частая картина на мероприятиях. Геймификация переключает это внимание на событие: баллы за активности, квизы, голосования и стена сообщений вовлекают участников и попутно собирают лиды.","https://chimitdorzhi.tech/blog/geymifikaciya-meropriyatiya-2026/","","геймификация, вовлечение, мероприятия, лиды, 2026"
"Ghost: свой блог с платной подпиской вместо Substack","https://chimitdorzhi.tech/blog/ghost-blog-s-podpiskoy-2026/pin.png","CHIMITDORZHI STUDIO","","Ghost — это своё медиа с платной подпиской на своём сервере: статьи, рассылки и закрытый доступ без комиссий платформ. Разбираю, кому подходит и что нужно для запуска.","https://chimitdorzhi.tech/blog/ghost-blog-s-podpiskoy-2026/","","Ghost, блог, подписка, open-source"
"Гибридная конференция: онлайн и офлайн на российском стеке","https://chimitdorzhi.tech/blog/gibridnaya-konferenciya-2026/pin.png","CHIMITDORZHI STUDIO","","Гибрид расширяет аудиторию события за пределы зала, но часто онлайн-участники чувствуют себя гостями второго сорта. Разбираю, как собрать гибридную конференцию на российском стеке, вовлечь удалённых наравне с залом и заработать на записях.","https://chimitdorzhi.tech/blog/gibridnaya-konferenciya-2026/","","гибридная конференция, онлайн, трансляция, мероприятия, 2026"
"Инфобизнес с нуля: идеи онлайн-школ и курсов под нишу","https://chimitdorzhi.tech/blog/infobiznes-s-nulya-idei-onlayn-shkol-2026/pin.png","CHIMITDORZHI STUDIO","","Если у вас есть экспертиза, инфобизнес — один из самых доступных способов её монетизировать. Разбираю идеи ниш для онлайн-школы, форматы продукта и что нужно технически, чтобы запустить курс без большой команды.","https://chimitdorzhi.tech/blog/infobiznes-s-nulya-idei-onlayn-shkol-2026/","","инфобизнес, онлайн-школа, курсы, старт бизнеса, 2026"
"Invoice Ninja: счета и оплаты для бизнеса на своём сервере","https://chimitdorzhi.tech/blog/invoice-ninja-scheta-2026/pin.png","CHIMITDORZHI STUDIO","","Invoice Ninja ведёт счета, оплаты и расходы на своём сервере — без подписки за объём. Разбираю, кому подходит, что умеет и что нужно для запуска.","https://chimitdorzhi.tech/blog/invoice-ninja-scheta-2026/","","Invoice Ninja, счета, биллинг, open-source"
"Jitsi: видеоконференции без Zoom на своём домене","https://chimitdorzhi.tech/blog/jitsi-videokonferencii-bez-zoom-2026/pin.png","CHIMITDORZHI STUDIO","","Jitsi — это свои видеоконференции на своём домене, без подписки и лимитов Zoom. Разбираю, кому подходит, что умеет и что нужно для стабильной работы.","https://chimitdorzhi.tech/blog/jitsi-videokonferencii-bez-zoom-2026/","","Jitsi, видеоконференции, Zoom, open-source"
"Как проверить бизнес-идею за выходные без бюджета","https://chimitdorzhi.tech/blog/kak-proverit-biznes-ideyu-2026/pin.png","CHIMITDORZHI STUDIO","","Большинство идей проваливается не из-за плохой реализации, а потому что на них не было спроса. Разбираю, как проверить бизнес-идею за выходные и почти без денег — лендинг-тест, опрос-бот, анализ спроса — прежде чем вкладываться.","https://chimitdorzhi.tech/blog/kak-proverit-biznes-ideyu-2026/","","проверка идеи, MVP, старт бизнеса, валидация, 2026"
"Какой бизнес начать в 2026: 15 онлайн-идей с минимальными вложениями","https://chimitdorzhi.tech/blog/kakoy-biznes-nachat-2026-onlayn-idei/pin.png","CHIMITDORZHI STUDIO","","Хотите начать бизнес, но не знаете с чего? Собрал 15 рабочих онлайн-идей с минимальными вложениями — от услуг и микро-магазинов до ботов и AI — и разобрал, как выбрать идею под себя и как её запустить технически.","https://chimitdorzhi.tech/blog/kakoy-biznes-nachat-2026-onlayn-idei/","","бизнес-идеи, старт бизнеса, онлайн-бизнес, идеи, 2026"
"Khoj: свой ИИ-ассистент по документам компании на своём сервере","https://chimitdorzhi.tech/blog/khoj-ii-assistent-baza-znaniy-2026/pin.png","CHIMITDORZHI STUDIO","","Khoj отвечает на вопросы по документам вашей компании (PDF, Word, заметки, Notion) и держит данные у вас, а не в чужом облаке. Свой ИИ-ассистент по базе знаний без утечки. Разбираю, как это работает и кому нужно.","https://chimitdorzhi.tech/blog/khoj-ii-assistent-baza-znaniy-2026/","","Khoj, ИИ-ассистент, база знаний, RAG, open-source"
"LibreChat: корпоративный ChatGPT для команды","https://chimitdorzhi.tech/blog/librechat-korporativnyy-chatgpt-2026/pin.png","CHIMITDORZHI STUDIO","","LibreChat даёт команде общий AI-кабинет с разными моделями и контролем данных — без массовых подписок на каждого. Разбираю возможности и что нужно для запуска.","https://chimitdorzhi.tech/blog/librechat-korporativnyy-chatgpt-2026/","","LibreChat, корпоративный AI, команда, open-source"
"Личный сайт психолога и коуча, который приводит клиентов","https://chimitdorzhi.tech/blog/lichnyy-sayt-psihologa-kouch-2026/pin.png","CHIMITDORZHI STUDIO","","Соцсети можно потерять за день, а сайт остаётся вашим активом и работает на доверие. Разбираю, из чего состоит продающая страница эксперта, как принимать запись прямо с сайта и что выбрать — Tilda или кастом.","https://chimitdorzhi.tech/blog/lichnyy-sayt-psihologa-kouch-2026/","","личный сайт, лендинг, психологам, разработка, 2026"
"Listmonk: email-рассылки без Mailchimp на своём сервере","https://chimitdorzhi.tech/blog/listmonk-rassylki-bez-mailchimp-2026/pin.png","CHIMITDORZHI STUDIO","","Listmonk — это свои email-рассылки на своём сервере без платы за размер базы. Разбираю возможности, важность доставляемости и что нужно для запуска.","https://chimitdorzhi.tech/blog/listmonk-rassylki-bez-mailchimp-2026/","","Listmonk, email-рассылки, Mailchimp, open-source"
"Mattermost: корпоративный мессенджер на своём сервере вместо Slack","https://chimitdorzhi.tech/blog/mattermost-korporativnyy-messenger-2026/pin.png","CHIMITDORZHI STUDIO","","Mattermost — это корпоративный чат на своём сервере, как Slack, но с данными у себя. Разбираю возможности, кому подходит и что нужно для запуска.","https://chimitdorzhi.tech/blog/mattermost-korporativnyy-messenger-2026/","","Mattermost, мессенджер, команда, open-source"
"Mautic: маркетинговая автоматизация без HubSpot","https://chimitdorzhi.tech/blog/mautic-marketing-avtomatizaciya-2026/pin.png","CHIMITDORZHI STUDIO","","Mautic автоматизирует маркетинг — цепочки писем, сегменты, лид-скоринг — на своём сервере и без дорогой подписки. Мощный инструмент, который требует настройки. Разбираю детали.","https://chimitdorzhi.tech/blog/mautic-marketing-avtomatizaciya-2026/","","Mautic, маркетинг, автоматизация, open-source"
"Metabase: дашборды и BI без дорогих лицензий","https://chimitdorzhi.tech/blog/metabase-dashbordy-bi-2026/pin.png","CHIMITDORZHI STUDIO","","Metabase превращает ваши базы данных в наглядные дашборды и отчёты — без дорогих BI-лицензий. Разбираю возможности, сценарии и что нужно для запуска.","https://chimitdorzhi.tech/blog/metabase-dashbordy-bi-2026/","","Metabase, дашборды, BI, open-source"
"MinIO: своё S3-совместимое хранилище файлов на своём сервере","https://chimitdorzhi.tech/blog/minio-svoyo-s3-hranilishche-2026/pin.png","CHIMITDORZHI STUDIO","","MinIO — своё S3-совместимое хранилище для файлов, бэкапов и медиа на вашем сервере. Приложения подключаются как к Amazon S3, но данные остаются у вас и без платы за объём. Разбираю, что умеет и кому нужно.","https://chimitdorzhi.tech/blog/minio-svoyo-s3-hranilishche-2026/","","MinIO, S3, объектное хранилище, бэкапы, open-source"
"n8n: автоматизация бизнес-процессов без Zapier на своём сервере","https://chimitdorzhi.tech/blog/n8n-avtomatizaciya-bez-zapier-2026/pin.png","CHIMITDORZHI STUDIO","","n8n связывает ваши сервисы в автоматические сценарии — как Zapier, только на своём сервере и без платы за объём. Разбираю, что умеет, кому подходит и что нужно, чтобы это реально заработало.","https://chimitdorzhi.tech/blog/n8n-avtomatizaciya-bez-zapier-2026/","","n8n, автоматизация, open-source, свой сервер"
"Nextcloud: свой облачный диск компании вместо Google Drive","https://chimitdorzhi.tech/blog/nextcloud-svoy-oblachnyy-disk-2026/pin.png","CHIMITDORZHI STUDIO","","Nextcloud — это своё облако компании: файлы, общий доступ и документы на своём сервере, как Google Drive, но с данными у себя. Разбираю, что умеет и что нужно для запуска.","https://chimitdorzhi.tech/blog/nextcloud-svoy-oblachnyy-disk-2026/","","Nextcloud, облако, хранилище, open-source"
"NocoDB: Airtable на своём сервере под ключ","https://chimitdorzhi.tech/blog/nocodb-airtable-svoy-server-2026/pin.png","CHIMITDORZHI STUDIO","","NocoDB — это гибкие умные таблицы для учёта чего угодно, как Airtable, но на своём сервере. Разбираю, кому подходит, что умеет и что нужно для запуска.","https://chimitdorzhi.tech/blog/nocodb-airtable-svoy-server-2026/","","NocoDB, Airtable, таблицы, open-source"
"Ollama: свой ChatGPT на своём сервере без утечки данных","https://chimitdorzhi.tech/blog/ollama-svoy-chatgpt-na-servere-2026/pin.png","CHIMITDORZHI STUDIO","","Ollama позволяет держать собственный «ChatGPT» на своём сервере — данные не уходят в чужое облако. Разбираю, кому это нужно, что умеет и что требуется для запуска.","https://chimitdorzhi.tech/blog/ollama-svoy-chatgpt-na-servere-2026/","","Ollama, локальный AI, нейросети, open-source"
"Онлайн-запись для психолога и коуча: убрать переписку и no-show","https://chimitdorzhi.tech/blog/onlayn-zapis-psiholog-kouch-2026/pin.png","CHIMITDORZHI STUDIO","","Переписка «а когда у вас окно?» съедает часы, а неявки бьют по доходу. Разбираю, как поставить онлайн-запись, чтобы клиент сам выбирал слот, получал напоминания и вносил предоплату — а вы занимались практикой, а не администрированием.","https://chimitdorzhi.tech/blog/onlayn-zapis-psiholog-kouch-2026/","","онлайн-запись, психологам, автоматизация, no-show, 2026"
"Open Notebook: открытый аналог Google NotebookLM на своём сервере","https://chimitdorzhi.tech/blog/open-notebook-analog-notebooklm-2026/pin.png","CHIMITDORZHI STUDIO","","Open Notebook — приватный аналог NotebookLM: загружаете подборку материалов по проекту и задаёте вопросы строго по ним, получаете сводки и аудио-обзор. Без передачи документов в облако Google. Разбираю, как работает и кому нужно.","https://chimitdorzhi.tech/blog/open-notebook-analog-notebooklm-2026/","","Open Notebook, NotebookLM, ИИ-исследователь, аудио-обзор, open-source"
"Outline: база знаний команды вместо Notion","https://chimitdorzhi.tech/blog/outline-baza-znaniy-2026/pin.png","CHIMITDORZHI STUDIO","","Outline — корпоративная база знаний на своём сервере: документы, регламенты и инструкции в одном месте, как Notion, но с данными у себя. Разбираю детали и запуск.","https://chimitdorzhi.tech/blog/outline-baza-znaniy-2026/","","Outline, база знаний, вики, open-source"
"Pangolin: безопасный доступ к внутренним сервисам без проброса портов","https://chimitdorzhi.tech/blog/pangolin-bezopasnyy-dostup-k-servisam-2026/pin.png","CHIMITDORZHI STUDIO","","Pangolin открывает доступ к внутренним сервисам (админки, CRM, дашборды) через интернет без проброса портов и без передачи трафика в чужое облако. Своя альтернатива Cloudflare Tunnel. Разбираю, как работает и кому нужно.","https://chimitdorzhi.tech/blog/pangolin-bezopasnyy-dostup-k-servisam-2026/","","Pangolin, Cloudflare Tunnel, reverse proxy, WireGuard, open-source"
"Приём оплаты для частного практика: СБП, пакеты сессий, чеки","https://chimitdorzhi.tech/blog/priem-oplaty-dlya-praktika-2026/pin.png","CHIMITDORZHI STUDIO","","Оплата «переведите на карту» отпугивает часть клиентов и создаёт хаос с учётом. Разбираю, как принимать оплату по-человечески: СБП, пакеты сессий, чеки для самозанятых, подписки — и как встроить оплату прямо в бота записи.","https://chimitdorzhi.tech/blog/priem-oplaty-dlya-praktika-2026/","","приём оплаты, СБП, самозанятость, финансы, 2026"
"Приём оплаты за билеты: СБП, рассрочка, возвраты и 54-ФЗ","https://chimitdorzhi.tech/blog/priem-oplaty-za-bilety-2026/pin.png","CHIMITDORZHI STUDIO","","Оплата «переведите на карту» отпугивает часть зрителей и превращает учёт в хаос, а возвраты — в нервотрёпку. Разбираю, как принимать оплату за билеты по-человечески: СБП, ранние тарифы, рассрочка, чеки по 54-ФЗ и автоматизация в боте.","https://chimitdorzhi.tech/blog/priem-oplaty-za-bilety-2026/","","оплата билетов, СБП, 54-ФЗ, мероприятия, 2026"
"Психолог и таролог после блокировки соцсетей: где брать клиентов","https://chimitdorzhi.tech/blog/psiholog-tarolog-posle-blokirovki-2026/pin.png","CHIMITDORZHI STUDIO","","Когда площадка блокируется или режет охваты, частный практик остаётся без потока клиентов. Разбираю, куда переводить аудиторию, как собрать свою базу, которую у вас не отключит алгоритм, и как переехать за 30 дней без потери людей.","https://chimitdorzhi.tech/blog/psiholog-tarolog-posle-blokirovki-2026/","","после блокировки, трафик, психологам, эзотерика, 2026"
"Сайт-афиша мероприятия за неделю: лендинг и продажа билетов","https://chimitdorzhi.tech/blog/sayt-afisha-meropriyatiya-2026/pin.png","CHIMITDORZHI STUDIO","","Афиша в соцсетях живёт один день и зависит от площадки, а свой сайт работает на продажи и остаётся вашим активом. Разбираю, из чего состоит продающая страница события, как принимать оплату билетов с сайта и как собрать всё это за неделю.","https://chimitdorzhi.tech/blog/sayt-afisha-meropriyatiya-2026/","","сайт-афиша, лендинг, билеты, мероприятия, 2026"
"Спонсоры конференции: как упаковать и показать им ROI","https://chimitdorzhi.tech/blog/sponsory-konferencii-roi-2026/pin.png","CHIMITDORZHI STUDIO","","Спонсор платит не за логотип на баннере, а за результат — контакты, лиды, охват. Разбираю, как упаковать спонсорские пакеты, собрать для спонсора лиды прямо на событии и показать измеримый ROI, чтобы он вернулся на следующий год.","https://chimitdorzhi.tech/blog/sponsory-konferencii-roi-2026/","","спонсоры, конференции, ROI, мероприятия, 2026"
"Twenty: современная CRM с открытым кодом под ключ","https://chimitdorzhi.tech/blog/twenty-crm-otkrytyy-kod-2026/pin.png","CHIMITDORZHI STUDIO","","Twenty — молодая, но быстро растущая CRM с открытым кодом и приятным интерфейсом. Разбираю, что умеет, кому уже подходит, а кому стоит подождать, и что нужно для запуска.","https://chimitdorzhi.tech/blog/twenty-crm-otkrytyy-kod-2026/","","Twenty, CRM, open-source, свой сервер"
"Typebot: чат-боты и квизы для заявок на своём сервере","https://chimitdorzhi.tech/blog/typebot-chat-boty-kvizy-2026/pin.png","CHIMITDORZHI STUDIO","","Typebot делает интерактивные квизы и чат-боты для заявок — без подписки и с данными у себя. Разбираю, что умеет, кому подходит и что нужно для запуска.","https://chimitdorzhi.tech/blog/typebot-chat-boty-kvizy-2026/","","Typebot, квизы, чат-боты, open-source"
"Локальные сервисы по запросу: идеи «Uber для X» в регионах","https://chimitdorzhi.tech/blog/uber-dlya-x-lokalnye-servisy-2026/pin.png","CHIMITDORZHI STUDIO","","Модель «Uber для X» — заявка, исполнитель, оплата в одном окне — работает не только в такси. Разбираю идеи сервисов по запросу для регионов, как устроена такая платформа и как собрать MVP без миллиона — на боте или лёгком приложении.","https://chimitdorzhi.tech/blog/uber-dlya-x-lokalnye-servisy-2026/","","сервис по запросу, on-demand, приложение, бизнес-идеи, 2026"
"Umami: веб-аналитика сайта без Google и по 152-ФЗ","https://chimitdorzhi.tech/blog/umami-analitika-bez-google-2026/pin.png","CHIMITDORZHI STUDIO","","Umami — лёгкая приватная аналитика сайта на своём сервере, без передачи данных Google и без cookie-баннеров. Разбираю, что умеет и почему это проще по 152-ФЗ.","https://chimitdorzhi.tech/blog/umami-analitika-bez-google-2026/","","Umami, веб-аналитика, 152-ФЗ, open-source"
"Закрытый клуб по подписке для эксперта: как запустить в 2026","https://chimitdorzhi.tech/blog/zakrytyy-klub-po-podpiske-2026/pin.png","CHIMITDORZHI STUDIO","","Разовые консультации — это доход, который каждый месяц начинается с нуля. Клуб по подписке даёт регулярную выручку и тёплое сообщество. Разбираю модели монетизации, на чём собрать клуб и как удерживать подписчиков, чтобы они не отписывались.","https://chimitdorzhi.tech/blog/zakrytyy-klub-po-podpiske-2026/","","клуб по подписке, монетизация, эксперты, подписка, 2026"
"4Life (Трансфер Фактор): как устроен бизнес и продукт — честный обзор","https://chimitdorzhi.tech/blog/4life-obzor-2026/pin.png","CHIMITDORZHI STUDIO","","4Life — американская компания прямых продаж с добавками Трансфер Фактор. Разбираю нейтрально: продукт без медицинских обещаний, как устроен бизнес и доход, кому подходит и на что обратить внимание.","https://chimitdorzhi.tech/blog/4life-obzor-2026/","","4Life, Трансфер Фактор, МЛМ, обзор, 2026"
"Амвэй (Amway): как устроен бизнес и реально ли заработать","https://chimitdorzhi.tech/blog/amway-obzor-2026/pin.png","CHIMITDORZHI STUDIO","","Амвэй — одна из крупнейших мировых компаний прямых продаж. Разбираю честно: линейки продукта, как устроен бизнес и доход, кому подходит, плюсы и на что обратить внимание — без обещаний и ярлыков.","https://chimitdorzhi.tech/blog/amway-obzor-2026/","","Амвэй, Amway, МЛМ, обзор, 2026"
"Эйвон (Avon): как устроен бизнес и реально ли заработать","https://chimitdorzhi.tech/blog/avon-obzor-2026/pin.png","CHIMITDORZHI STUDIO","","Эйвон — один из старейших игроков прямых продаж. Разбираю честно: продукт и каталог, как устроен бизнес и доход представителя, кому подходит и на что обратить внимание.","https://chimitdorzhi.tech/blog/avon-obzor-2026/","","Эйвон, Avon, МЛМ, обзор, 2026"
"Бесплатные и локальные AI-агенты в 2026: что попробовать без бюджета","https://chimitdorzhi.tech/blog/besplatnye-ai-agenty-2026/pin.png","CHIMITDORZHI STUDIO","","Как запустить AI-агента без бюджета: бесплатные сервисы и тарифы, локальные модели через Ollama, self-hosted n8n. Где предел бесплатного, безопасность данных и когда пора переходить на платное.","https://chimitdorzhi.tech/blog/besplatnye-ai-agenty-2026/","","AI-агенты, Ollama, n8n, бесплатно"
"Биометрия в России 2026: зачем нужна и как сдать через Госуслуги","https://chimitdorzhi.tech/blog/biometriya-kak-sdat-2026/pin.png","CHIMITDORZHI STUDIO","","Что такое биометрия и ЕБС простыми словами, нужна ли она вообще, как сдать через Госуслуги и в банке пошагово, насколько это безопасно и как отказаться. Потребительский гид без юридического тумана.","https://chimitdorzhi.tech/blog/biometriya-kak-sdat-2026/","","биометрия, ЕБС, Госуслуги, 152-ФЗ"
"Чат-бот и автоворонка для сетевика: набор команды на автомате","https://chimitdorzhi.tech/blog/chat-bot-avtovoronka-dlya-setevika-2026/pin.png","CHIMITDORZHI STUDIO","","Бот не заменяет наставника, но снимает рутину: встречает кандидатов, квалифицирует и прогревает, пока вы спите. Разбираю, как работает автоворонка рекрутинга и с чего начать её внедрение сетевику.","https://chimitdorzhi.tech/blog/chat-bot-avtovoronka-dlya-setevika-2026/","","чат-бот, автоворонка, MLM, рекрутинг, 2026"
"Из блокнота и Excel в CRM: как сетевику не терять базу и структуру","https://chimitdorzhi.tech/blog/crm-dlya-setevika-iz-excel-2026/pin.png","CHIMITDORZHI STUDIO","","Блокнот и Excel держат базу до первой сотни контактов, дальше начинается хаос: забытые касания, потерянные люди, невидимая структура. Разбираю, что такое CRM для сетевика и как перейти на неё без боли.","https://chimitdorzhi.tech/blog/crm-dlya-setevika-iz-excel-2026/","","CRM, MLM, сетевой маркетинг, автоматизация, 2026"
"EWA: как устроен бизнес — честный обзор и как проверить компанию","https://chimitdorzhi.tech/blog/ewa-obzor-2026/pin.png","CHIMITDORZHI STUDIO","","EWA — компания прямых продаж в нише wellness, публичных данных немного. Разбираю, как устроен сетевой бизнес в этой нише и, главное, как самому проверить и оценить малоизвестную компанию, чтобы не попасть.","https://chimitdorzhi.tech/blog/ewa-obzor-2026/","","EWA, wellness, МЛМ, как проверить, 2026"
"Фаберлик 2026: как работает бизнес, каталог, личный кабинет","https://chimitdorzhi.tech/blog/faberlik-obzor-2026/pin.png","CHIMITDORZHI STUDIO","","Фаберлик — российская компания прямых продаж с «кислородной» косметикой и каталожной моделью. Разбираю, как устроен бизнес и доход, что в личном кабинете и как начать, кому подходит и на что обратить внимание.","https://chimitdorzhi.tech/blog/faberlik-obzor-2026/","","Фаберлик, МЛМ, обзор, косметика, 2026"
"FOHOW (Фохоу): как устроен бизнес и продукт — честный обзор","https://chimitdorzhi.tech/blog/fohow-obzor-2026/pin.png","CHIMITDORZHI STUDIO","","FOHOW (Фохоу) — китайская компания прямых продаж с продуктами для здоровья на основе фитокомпонентов. Разбираю нейтрально: продукт без лечебных обещаний, как устроен бизнес и доход, кому подходит и риски.","https://chimitdorzhi.tech/blog/fohow-obzor-2026/","","FOHOW, Фохоу, МЛМ, обзор, 2026"
"Greenleaf (Гринлиф): как устроен бизнес — честный обзор","https://chimitdorzhi.tech/blog/greenleaf-obzor-2026/pin.png","CHIMITDORZHI STUDIO","","Greenleaf (Гринлиф) — компания прямых продаж в нише БАДов, публичных данных немного. Разбираю, как устроен сетевой бизнес в этой нише и как трезво проверить и оценить компанию перед тем как вкладываться.","https://chimitdorzhi.tech/blog/greenleaf-obzor-2026/","","Greenleaf, Гринлиф, МЛМ, обзор, 2026"
"Гринвей (Greenway): обзор продукта и бизнеса без розовых очков","https://chimitdorzhi.tech/blog/greenway-obzor-2026/pin.png","CHIMITDORZHI STUDIO","","Гринвей — российская компания эко-товаров для дома с сетевой моделью. Разбираю без розовых очков: что за продукт, как устроен бизнес и доход, кому подходит, а кому нет, плюсы и на что обратить внимание.","https://chimitdorzhi.tech/blog/greenway-obzor-2026/","","Гринвей, Greenway, МЛМ, обзор, 2026"
"7 источников заявок для сетевика без бюджета на рекламу","https://chimitdorzhi.tech/blog/istochniki-zayavok-dlya-setevika-2026/pin.png","CHIMITDORZHI STUDIO","","Реклама — не единственный способ получать людей. Разбираю 7 источников заявок для сетевика без бюджета, как выжать из них максимум и как собирать контакты, а не просто лайки, которые ничего не дают.","https://chimitdorzhi.tech/blog/istochniki-zayavok-dlya-setevika-2026/","","заявки, MLM, трафик, сетевой маркетинг, 2026"
"Как отказаться от биометрии в 2026: запрет сбора и удаление из ЕБС","https://chimitdorzhi.tech/blog/kak-otkazatsya-ot-biometrii-2026/pin.png","CHIMITDORZHI STUDIO","","Можно ли законно не сдавать биометрию, как подать запрет на сбор через Госуслуги, отозвать согласие в банке и удалить данные из ЕБС, что будет работать без биометрии, а что нет, и ваши права по 152-ФЗ.","https://chimitdorzhi.tech/blog/kak-otkazatsya-ot-biometrii-2026/","","биометрия, отказ, ЕБС, 152-ФЗ"
"Как создать AI-агента в 2026: первый рабочий агент без кода за вечер","https://chimitdorzhi.tech/blog/kak-sozdat-ai-agenta-2026/pin.png","CHIMITDORZHI STUDIO","","Пошаговый гайд практика: что такое AI-агент, как выбрать инструмент, собрать агента без кода через n8n, на Claude API и YandexGPT, запустить локально, не наделать частых ошибок и сколько это стоит.","https://chimitdorzhi.tech/blog/kak-sozdat-ai-agenta-2026/","","AI-агенты, n8n, Claude, YandexGPT"
"Что постить сетевику: контент-план на 30 дней, чтобы вступали в команду","https://chimitdorzhi.tech/blog/kontent-plan-dlya-setevika-30-dney-2026/pin.png","CHIMITDORZHI STUDIO","","Сетевик выгорает не от работы, а от вопроса «что сегодня постить». Даю каркас рубрик и 30 готовых идей постов на месяц — таких, после которых люди не отписываются, а спрашивают, как попасть к вам в команду.","https://chimitdorzhi.tech/blog/kontent-plan-dlya-setevika-30-dney-2026/","","контент, MLM, сетевой маркетинг, личный бренд, 2026"
"M International: как устроен бизнес — честный обзор","https://chimitdorzhi.tech/blog/m-international-obzor-2026/pin.png","CHIMITDORZHI STUDIO","","M International — компания прямых продаж в парфюмерно-косметической нише. Публичных данных немного, поэтому разбираю, как устроен сетевой бизнес в этой нише и как трезво оценить компанию перед стартом.","https://chimitdorzhi.tech/blog/m-international-obzor-2026/","","M International, парфюмерия, МЛМ, обзор, 2026"
"МЛМ-компании в Бурятии, Забайкалье и Иркутске: полный обзор 2026","https://chimitdorzhi.tech/blog/mlm-kompanii-buryatiya-zabaykalye-irkutsk-2026/pin.png","CHIMITDORZHI STUDIO","","Какие сетевые компании работают в Бурятии, Забайкалье и Иркутске и чем отличаются: российские и сибирские, международные, прямые продажи. Разбираю, как отличить МЛМ от финансовой пирамиды и как выбрать компанию под себя — нейтрально, без обещаний дохода.","https://chimitdorzhi.tech/blog/mlm-kompanii-buryatiya-zabaykalye-irkutsk-2026/","","МЛМ, сетевой маркетинг, обзор, Бурятия, 2026"
"Как мотивировать и удержать МЛМ-команду, когда все выгорели","https://chimitdorzhi.tech/blog/motivaciya-mlm-komandy-2026/pin.png","CHIMITDORZHI STUDIO","","Когда команда «спит», давление и чаты «соберись» делают только хуже. Разбираю, почему люди выгорают и что реально возвращает движение: геймификация, признание, маленькие победы и инструменты автоматической мотивации.","https://chimitdorzhi.tech/blog/motivaciya-mlm-komandy-2026/","","мотивация, MLM, команда, геймификация, 2026"
"NL International: как устроен бизнес и реально ли заработать","https://chimitdorzhi.tech/blog/nl-international-obzor-2026/pin.png","CHIMITDORZHI STUDIO","","NL International — российская (новосибирская) компания, известная функциональным питанием Energy Diet и активным онлайн-продвижением. Разбираю честно: продукт, бизнес и доход, кому подходит и на что обратить внимание.","https://chimitdorzhi.tech/blog/nl-international-obzor-2026/","","NL International, Energy Diet, МЛМ, обзор, 2026"
"Онбординг новичка в МЛМ: довести до первого результата за неделю","https://chimitdorzhi.tech/blog/onbording-novichka-mlm-2026/pin.png","CHIMITDORZHI STUDIO","","Большинство новичков уходят в первую неделю — не потому что не способны, а потому что их бросили без плана. Разбираю онбординг, который доводит новичка до первого результата, и как автоматизировать обучение ботом.","https://chimitdorzhi.tech/blog/onbording-novichka-mlm-2026/","","онбординг, MLM, обучение, команда, 2026"
"Оплата и вход по биометрии 2026: метро, банки, аэропорт","https://chimitdorzhi.tech/blog/oplata-po-biometrii-2026/pin.png","CHIMITDORZHI STUDIO","","Где в России уже работает оплата и проход по лицу: магазины, метро, банки, аэропорты. Как подключить оплату по биометрии, насколько это безопасно с точки зрения данных и как отключить.","https://chimitdorzhi.tech/blog/oplata-po-biometrii-2026/","","биометрия, оплата, банки, метро"
"Орифлэйм (Oriflame): как устроен бизнес и реально ли заработать","https://chimitdorzhi.tech/blog/oriflame-obzor-2026/pin.png","CHIMITDORZHI STUDIO","","Орифлэйм — международная компания с каталожной косметикой и сетевой моделью. Разбираю честно: продукт, как устроен бизнес и доход, кому подходит, плюсы и на что обратить внимание — без обещаний и ярлыков.","https://chimitdorzhi.tech/blog/oriflame-obzor-2026/","","Орифлэйм, Oriflame, МЛМ, обзор, 2026"
"Орифлэйм vs Сибирское здоровье vs Фаберлик: что выбрать в регионе","https://chimitdorzhi.tech/blog/oriflame-vs-sibirskoe-zdorovie-vs-faberlik-2026/pin.png","CHIMITDORZHI STUDIO","","Орифлэйм, Сибирское здоровье и Фаберлик — три популярных выбора в регионе. Сравниваю нейтрально: продукт, бизнес-модель, аудитория, плюсы и минусы — и как выбрать под себя, не гоняясь за «лучшей».","https://chimitdorzhi.tech/blog/oriflame-vs-sibirskoe-zdorovie-vs-faberlik-2026/","","сравнение, МЛМ, Орифлэйм, Сибирское здоровье, Фаберлик"
"PM International (FitLine): как устроен бизнес — честный обзор","https://chimitdorzhi.tech/blog/pm-international-fitline-obzor-2026/pin.png","CHIMITDORZHI STUDIO","","PM International — немецкая компания прямых продаж с брендом функционального питания FitLine. Разбираю нейтрально: продукт, как устроен бизнес и доход, кому подходит и на что обратить внимание.","https://chimitdorzhi.tech/blog/pm-international-fitline-obzor-2026/","","PM International, FitLine, МЛМ, обзор, 2026"
"Рекрутинг в МЛМ через интернет: как набирать партнёров без спама","https://chimitdorzhi.tech/blog/rekruting-mlm-cherez-internet-2026/pin.png","CHIMITDORZHI STUDIO","","Рекрутинг ушёл в интернет, но спам по личке только отпугивает. Разбираю, как набирать партнёров контентом и воронкой — притягивать, а не впаривать, — и где сетевики чаще всего ошибаются онлайн.","https://chimitdorzhi.tech/blog/rekruting-mlm-cherez-internet-2026/","","рекрутинг, MLM, сетевой маркетинг, контент, 2026"
"Соцсети заблокировали — куда перевести сетевой бизнес: Telegram, MAX, ВКонтакте","https://chimitdorzhi.tech/blog/setevoy-biznes-posle-blokirovki-socsetey-2026/pin.png","CHIMITDORZHI STUDIO","","Когда привычная площадка пропадает, у сетевика без своего актива исчезает и аудитория. Разбираю, куда переходить (Telegram, MAX, ВКонтакте), как перевести людей без потерь и как больше не зависеть от чужого алгоритма.","https://chimitdorzhi.tech/blog/setevoy-biznes-posle-blokirovki-socsetey-2026/","","сетевой маркетинг, MAX, мессенджеры, миграция, 2026"
"Сибирское здоровье: как устроен бизнес и реально ли заработать","https://chimitdorzhi.tech/blog/sibirskoe-zdorovie-obzor-2026/pin.png","CHIMITDORZHI STUDIO","","Сибирское здоровье — один из крупнейших российских игроков сетевого рынка. Разбираю честно: что за продукт, как устроен бизнес и доход, кому подходит, а кому нет, плюсы и на что обратить внимание — без обещаний и без ярлыков.","https://chimitdorzhi.tech/blog/sibirskoe-zdorovie-obzor-2026/","","Сибирское здоровье, МЛМ, обзор, сетевой маркетинг, 2026"
"Дашборд лидера МЛМ: товарооборот и активность команды в реальном времени","https://chimitdorzhi.tech/blog/uchet-struktury-mlm-dashboard-2026/pin.png","CHIMITDORZHI STUDIO","","Лидер большой структуры часто узнаёт о просадке последним. Разбираю, какие метрики выводить на дашборд (товарооборот, активность, ранги), как видеть, кто реально работает, и какие решения принимать по цифрам.","https://chimitdorzhi.tech/blog/uchet-struktury-mlm-dashboard-2026/","","аналитика, MLM, дашборд, команда, 2026"
"Виды биометрии: лицо, голос, отпечаток — чем отличаются","https://chimitdorzhi.tech/blog/vidy-biometrii-2026/pin.png","CHIMITDORZHI STUDIO","","Какие бывают виды биометрии: лицо, голос, отпечаток пальца, радужка глаза. Что такое векторная модель и почему она тоже биометрия, где применяется каждый тип, надёжность и ошибки простыми словами.","https://chimitdorzhi.tech/blog/vidy-biometrii-2026/","","биометрия, распознавание лиц, 152-ФЗ"
"WHIEDA: как устроен бизнес — честный обзор и как проверить компанию","https://chimitdorzhi.tech/blog/whieda-obzor-2026/pin.png","CHIMITDORZHI STUDIO","","WHIEDA — компания прямых продаж, публичных данных о ней немного. Поэтому статья — это руководство: как устроен сетевой бизнес и как самому проверить и оценить малоизвестную компанию, чтобы не потерять деньги.","https://chimitdorzhi.tech/blog/whieda-obzor-2026/","","WHIEDA, МЛМ, как проверить, обзор, 2026"
"Закончился список знакомых в сетевом: где брать новых людей","https://chimitdorzhi.tech/blog/zakonchilsya-spisok-znakomyh-setevoy-2026/pin.png","CHIMITDORZHI STUDIO","","Список знакомых заканчивается у каждого сетевика — и это не тупик, а сигнал перейти к системе. Разбираю, почему спам убивает бизнес, где брать новых целевых людей и как выстроить поток заявок вместо ручного обзвона.","https://chimitdorzhi.tech/blog/zakonchilsya-spisok-znakomyh-setevoy-2026/","","сетевой маркетинг, рекрутинг, MLM, привлечение, 2026"
"152-ФЗ для местного интернет-магазина: чтобы не прилетел штраф","https://chimitdorzhi.tech/blog/152-fz-internet-magazin-2026/pin.png","CHIMITDORZHI STUDIO","","Интернет-магазин собирает персональные данные — а значит, попадает под 152-ФЗ. Разбираю, что требует закон, какие документы и согласия нужны на сайте, чем грозят нарушения и как привести магазин в порядок.","https://chimitdorzhi.tech/blog/152-fz-internet-magazin-2026/","","152-ФЗ, интернет-магазин, персональные данные, штрафы, 2026"
"Аналитика MAX-канала: какие метрики считать и как","https://chimitdorzhi.tech/blog/analitika-max-kanala-2027/pin.png","CHIMITDORZHI STUDIO","","Без цифр маркетинг — гадание. Разбираю аналитику MAX-канала: какие метрики считать (охват, вовлечённость, отток, конверсия, стоимость подписчика), как их получить и какие решения принимать.","https://chimitdorzhi.tech/blog/analitika-max-kanala-2027/","","MAX, аналитика, метрики, маркетинг, 2027"
"Автоматизация бизнес-процессов: 7 рутин, что съедают время","https://chimitdorzhi.tech/blog/avtomatizaciya-7-rutin-2026/pin.png","CHIMITDORZHI STUDIO","","Рутина незаметно съедает часы и деньги. Разбираю 7 типовых рутин, которые пора автоматизировать, как это сделать без больших вложений и с чего начать малому бизнесу.","https://chimitdorzhi.tech/blog/avtomatizaciya-7-rutin-2026/","","автоматизация, бизнес-процессы, рутина, ИИ, 2026"
"Автоматизация бизнеса в Чите и Забайкалье: с чего начать малому бизнесу","https://chimitdorzhi.tech/blog/avtomatizaciya-biznesa-chita-zabaykalye-2026/pin.png","CHIMITDORZHI STUDIO","","Автоматизация пугает сложностью, а начать можно с малого. Разбираю, с чего стартовать бизнесу в Чите и Забайкалье, что автоматизировать в первую очередь, примеры по местным нишам и как внедрить без хаоса и больших вложений.","https://chimitdorzhi.tech/blog/avtomatizaciya-biznesa-chita-zabaykalye-2026/","","автоматизация, Чита, Забайкалье, малый бизнес, 2026"
"Автоматизация локального интернет-магазина: склад, заказы, доставка","https://chimitdorzhi.tech/blog/avtomatizaciya-lokalnogo-magazina-2026/pin.png","CHIMITDORZHI STUDIO","","Локальный магазин тонет в ручном вводе: остатки, заказы, доставка. Разбираю, что автоматизировать в первую очередь — склад, заказы, доставку — и как внедрить это по шагам без хаоса.","https://chimitdorzhi.tech/blog/avtomatizaciya-lokalnogo-magazina-2026/","","автоматизация, интернет-магазин, склад, доставка, 2026"
"Автоворонка в MAX: как настроить цепочку касаний","https://chimitdorzhi.tech/blog/avtovoronka-v-max-2027/pin.png","CHIMITDORZHI STUDIO","","Автоворонка ведёт подписчика к покупке без вашего участия. Разбираю, из чего она состоит, как настроить цепочку касаний, какие триггеры использовать и как оптимизировать по аналитике.","https://chimitdorzhi.tech/blog/avtovoronka-v-max-2027/","","MAX, автоворонка, боты, продажи, 2027"
"Связка бот + рассылка в MAX: повторные продажи на автомате","https://chimitdorzhi.tech/blog/bot-plus-rassylka-max-povtornye-prodazhi-2027/pin.png","CHIMITDORZHI STUDIO","","Привлечь клиента дорого — вернуть дешевле. Разбираю связку бот + рассылка в MAX: сценарии повторных продаж, реактивацию уснувших, сегменты и персональные предложения, требования 152-ФЗ.","https://chimitdorzhi.tech/blog/bot-plus-rassylka-max-povtornye-prodazhi-2027/","","MAX, рассылки, удержание, продажи, 2027"
"Внедрение CRM (Битрикс24) для компании в Чите","https://chimitdorzhi.tech/blog/crm-bitrix24-chita-2026/pin.png","CHIMITDORZHI STUDIO","","CRM наводит порядок в продажах, если её правильно внедрить. Разбираю возможности Битрикс24, внедрение по шагам, интеграции с телефонией, сайтом и 1С и ошибки, из-за которых CRM не приживается — на примерах бизнеса Читы.","https://chimitdorzhi.tech/blog/crm-bitrix24-chita-2026/","","CRM, Битрикс24, Чита, автоматизация, 2026"
"Внедрение CRM (Битрикс24) для компании в Иркутске","https://chimitdorzhi.tech/blog/crm-bitrix24-irkutsk-2026/pin.png","CHIMITDORZHI STUDIO","","CRM наводит порядок в продажах, если её правильно внедрить. Разбираю возможности Битрикс24, внедрение по шагам, интеграции с телефонией, сайтом и 1С и ошибки, из-за которых CRM не приживается.","https://chimitdorzhi.tech/blog/crm-bitrix24-irkutsk-2026/","","CRM, Битрикс24, Иркутск, автоматизация, 2026"
"Как запустить доставку еды в Чите: сайт, приём заказов, автоматизация","https://chimitdorzhi.tech/blog/dostavka-edy-chita-2026/pin.png","CHIMITDORZHI STUDIO","","Своя доставка еды в Чите — это не только курьер. Разбираю, с чего начать, как принимать заказы (сайт, бот или агрегатор), как устроить логистику, оплату и учёт и как продвигаться в Чите и районах Забайкалья.","https://chimitdorzhi.tech/blog/dostavka-edy-chita-2026/","","доставка еды, Чита, Забайкалье, общепит, 2026"
"Как запустить доставку еды в Улан-Удэ: сайт, приём заказов, автоматизация","https://chimitdorzhi.tech/blog/dostavka-edy-ulan-ude-2026/pin.png","CHIMITDORZHI STUDIO","","Своя доставка еды в Улан-Удэ — это не только курьер. Разбираю, с чего начать, как принимать заказы (сайт, бот или агрегатор), как устроить логистику, оплату и учёт и как продвигаться в своём городе.","https://chimitdorzhi.tech/blog/dostavka-edy-ulan-ude-2026/","","доставка еды, Улан-Удэ, общепит, автоматизация, 2026"
"Меры поддержки и гранты для бизнеса в Бурятии 2026","https://chimitdorzhi.tech/blog/granty-podderzhka-biznesa-buryatiya-2026/pin.png","CHIMITDORZHI STUDIO","","Поддержка бизнеса в Бурятии — это не только гранты, но и субсидии, льготные займы и центр «Мой бизнес». Разбираю типы поддержки, как её получить, на что разумно потратить в IT и где чаще всего ошибаются заявители.","https://chimitdorzhi.tech/blog/granty-podderzhka-biznesa-buryatiya-2026/","","гранты, господдержка, Бурятия, малый бизнес, 2026"